thirteen,527, 0$$1$$5$$9$$15$$23$$29$$31$$37$$49$$59$$62$$68$$78$$79$$93$$129$$134$$135$$141$$151$$157$$163$$165$$166$$179$$205$$210$$215$$219$$243$$253$$275$$308$$321$$327$$337$$343$$350$$355$$361$$371$$372$$373$$383$$392$$417$$421$$429$$431$$437$$486$$489$$502$$519$$522$$532$$541$$550$$557$$562$$569$$574$$582$$604$$613$$632$$652$$653$$656$$661$$663$$666$$673$$676$$678$$687$$690$$698$$705$$708$$709$$711$$727$$729$$730$$735$$745$$746$$749$$754$$765$$773$$786$$797$$804$$807$$822$$825$$831$$838$$843$$847$$849$$877$$880$$882$$889$$902$$903$$916$$922$$925$$926$$928$$930$$932$$937$$945$$957$$964$$975$$982$$990$$995$$1003$$1011$$1015$$1033$$1047$$1061$$1069$$1070$$1072$$1076$$1088$$1123$$1124$$1150$$1174$$1205$$1238$$1266$$1295$$1347$$1358$$1367$$1376$$1379$$1385$$1392$$1395$$1452$$1470$$1472$$1493$$1494$$1501$$1504$$1518$$1536$$1543$$1553$$1559$$1564$$1595$$1597$$1598$$1602$$1610$$1619$$1626$$1631$$1633$$1656$$1681$$1707$$1733$$1737$$1768$$1771$$1786$$1791$$1797$$1804$$1812$$1818$$1827$$1837$$1843$$1846$$1848$$1856$$1864$$1878$$1883$$1886$$1891$$1912$$1928$$1980$$1990$$1994$$2054$$2060$$2111$$2112$$2128$$2134$$2137$$2141$$2143$$2151$$2153$$2155$$2170$$2172$$2173$$2177$$2186$$2189$$2191$$2200$$2235$$2238$$2247$$2248$$2260$$2276$$2284$$2333$$2336$$2336$$2358$$2376$$2387$$2389$$2404$$2426$$2429$$2445$$2494$$2515$$2518$$2544$$2554$$2559$$2560$$2583$$2610$$2635$$2662$$2726$$2731$$2739$$2746$$2747$$2766$$2809$$2827$$2838$$2855$$2877$$2879$$2901$$2911$$2932$$2967$$2976$$2987$$2997$$3005$$3021$$3027$$3035$$3041$$3052$$3055$$3066$$3078$$3086$$3160$$3165$$3170$$3179$$3190$$3197$$3207$$3209$$3213$$3231$$3252$$3256$$3275$$3279$$3281$$3283$$3283$$3302$$3389$$3390$$3401$$3408$$3418$$3425$$3430$$3435$$3450$$3460$$3463$$3472$$3496$$3497$$3498$$3520$$3534$$3552$$3581$$3624$$3633$$3637$$3658$$3666$$3674$$3679$$3680$$3681$$3683$$3686$$3705$$3730$$3745$$3760$$3769$$3772$$3966$$3984$$3999$$4237$$4273$$4288$$4305$$4326$$4355$$4360$$4361$$4366$$4370$$4376$$4380$$4384$$4404$$4407$$4412$$4456$$4458$$4468$$4472$$4478$$4520$$4521$$4525$$4531$$4536$$4548$$4558$$4569$$4575$$4583$$4591$$4594$$4599$$4603$$4617$$4638$$4651$$4657$$4662$$4666$$4669$$4674$$4675$$4714$$4727$$4773$$4796$$4804$$4882$$4892$$4893$$4896$$4896$$4908$$4911$$4920$$4921$$4929$$4934$$4950$$4953$$4969$$4998$$5010$$5011$$5012$$5016$$5034$$5045$$5049$$5054$$5059$$5060$$5061$$5067$$5072$$5075$$5083$$5089$$5093$$5108$$5113$$5119$$5122$$5124$$5133$$5142$$5150$$5156$$5171$$5192$$5197$$5200$$5229$$5237$$5238$$5242$$5244$$5272$$5277$$5279$$5282$$5295$$5296$$5297$$5298$$5306$$5314$$5347$$5349$$5350$$5360$$5364$$5366$$5399$$5402$$5408$$5411$$5415$$5420$$5436$$5461$$5462$$5470$$5473$$5475$$5480$$5501$$5507$$5527$$5535$$5559$$5576$$5585$$5592$$5600$$5601$$5633$$5636$$5637$$5651$$5656$$5659$$5679$$5687$$5705$$5712$$5720$$5727$$5732$$5762$$5777$$5783$$5784$$5795$$5805$$5807$$5811$$5819$$5825$$5925$$6029$$6030$$6038$$6045$$6066$$6069$$6075$$6086$$6091$$6107$$6122$$6128$$6131$$6142$$6156$$6183$$6188$$6209$$6219$$6226$$6238$$6356$$6373$$6379$$6404$$6415$$6542
hostility,207, 150$$1480$$151$$153$$157$$158$$159$$164$$203$$250$$251$$254$$257$$261$$270$$406$$414$$414$$416$$417$$1077$$1437$$1438$$1439$$1439$$1449$$1961$$1970$$1971$$1977$$3064$$3064$$3066$$3161$$3165$$3175$$3183$$3185$$3206$$3213$$3216$$3220$$3229$$3388$$3392$$3397$$3402$$3410$$3413$$3421$$3430$$3432$$3440$$3451$$3462$$3467$$3497$$3525$$3536$$3541$$3543$$3554$$3581$$3583$$3587$$3625$$3627$$3637$$3657$$3661$$3668$$3670$$3679$$3681$$3685$$4495$$4496$$4509$$4586$$4781$$4795$$4801$$4804$$4823$$4886$$4889$$4890$$4891$$4900$$4906$$4910$$4912$$4917$$4922$$4924$$4930$$4960$$4968$$4981$$4984$$4986$$4997$$5001$$5002$$5006$$5010$$5015$$5039$$5060$$5069$$5102$$5106$$5107$$5107$$5108$$5121$$5122$$5123$$5132$$5140$$5155$$5159$$5161$$5163$$5164$$5166$$5169$$5185$$5202$$5203$$5238$$5243$$5275$$5276$$5278$$5280$$5296$$5301$$5311$$5337$$5344$$5345$$5346$$5348$$5350$$5365$$5372$$5379$$5384$$5406$$5410$$5417$$5424$$5428$$5464$$5465$$5470$$5472$$5479$$5501$$5504$$5532$$5570$$5578$$5591$$5640$$5680$$5682$$5718$$5721$$5723$$5728$$5739$$5756$$5760$$5785$$5801$$5820$$5822$$5825$$5827$$5833$$5835$$5862$$5924$$5950$$5988$$6025$$6027$$6030$$6049$$6057$$6058$$6065$$6067$$6074$$6082$$6085$$6089$$6105$$6113$$6126$$6130$$6132$$6159$$6177$$6258
prettiness,100, 2324$$2334$$2390$$2396$$2420$$2426$$2434$$2509$$2537$$2541$$2544$$2546$$2554$$2555$$2565$$2596$$2613$$2619$$2624$$2633$$2655$$2678$$2702$$2766$$2790$$2798$$2847$$2875$$2877$$2880$$2886$$2903$$2924$$2930$$2933$$2937$$2970$$2983$$2996$$3021$$3055$$3086$$3132$$3158$$3232$$3242$$3306$$3337$$3389$$3412$$3417$$3466$$3492$$3498$$3519$$3527$$3536$$3585$$3614$$3626$$3764$$3975$$3986$$3998$$4238$$4241$$4243$$4262$$4280$$4287$$4289$$4313$$4323$$4331$$4341$$4347$$4357$$4378$$4394$$4491$$4586$$4783$$4786$$4886$$5363$$5821$$5824$$5828$$5862$$5886$$5891$$5969$$5970$$5971$$5972$$6166$$6167$$6169$$6173$$6322
telescreen,92, 16$$29$$30$$37$$63$$74$$76$$79$$113$$134$$162$$168$$185$$190$$332$$393$$394$$422$$433$$437$$467$$520$$532$$623$$653$$666$$707$$722$$739$$840$$1017$$1035$$1044$$1098$$1121$$1377$$1400$$1401$$1402$$1612$$1830$$1944$$1959$$1974$$2015$$2049$$2067$$2080$$2096$$2541$$2755$$2995$$3030$$3205$$3207$$3375$$3387$$3413$$3428$$3490$$3682$$3737$$3773$$3968$$4096$$4340$$4404$$4427$$4434$$4445$$4526$$4529$$4568$$4571$$4619$$4653$$4683$$4756$$4774$$4798$$5886$$6188$$6218$$6233$$6279$$6334$$6344$$6346$$6355$$6400$$6402$$6412
unintelligible,89, 44$$3248$$6597$$45$$57$$45$$45$$57$$107$$184$$184$$208$$444$$591$$662$$662$$722$$726$$728$$731$$802$$803$$830$$853$$875$$882$$888$$891$$901$$901$$908$$942$$1102$$1173$$1459$$2603$$2614$$3145$$3168$$3169$$3189$$3407$$3875$$4112$$4149$$4150$$4154$$4162$$4166$$4193$$5941$$6348$$6430$$6430$$6431$$6433$$6434$$6435$$6437$$6438$$6442$$6445$$6446$$6446$$6446$$6452$$6455$$6459$$6477$$6511$$6513$$6515$$6525$$6531$$6546$$6554$$6565$$6566$$6569$$6580$$6585$$6586$$6590$$6592$$6594$$6598$$6598$$6604$$6612
populous,63, 40$$40$$45$$178$$189$$433$$436$$572$$574$$577$$577$$581$$582$$702$$722$$1025$$1239$$1411$$1545$$1840$$2104$$3080$$3089$$3700$$3701$$3718$$3738$$3738$$3780$$3784$$3799$$3813$$3870$$3874$$3908$$3910$$3914$$3919$$3920$$3944$$3948$$4027$$4069$$4101$$4110$$4111$$4145$$4945$$4946$$4949$$5313$$5315$$5315$$5319$$5322$$5550$$5909$$5910$$6192$$6192$$6196$$6249$$6430
prole,54, 129$$129$$129$$837$$904$$905$$1152$$1160$$1238$$1239$$1244$$1256$$1271$$1273$$1274$$1282$$1286$$1288$$1292$$1294$$1326$$1463$$1500$$1502$$1515$$1538$$1539$$1546$$1563$$1571$$1607$$1608$$1762$$1839$$2190$$2260$$2579$$2752$$2876$$2998$$3003$$3015$$3327$$3329$$3330$$3334$$3856$$4103$$4104$$4217$$4302$$4304$$4309$$4317
fro,46, 441$$711$$1321$$2747$$2799$$2839$$3395$$3541$$3573$$3985$$4115$$4214$$4278$$5274$$6021$$442$$443$$614$$730$$774$$785$$901$$901$$936$$950$$3145$$3444$$3876$$3919$$3927$$4027$$4048$$4073$$4148$$4155$$4178$$4197$$4856$$6430$$6437$$6438$$6492$$6512$$6563$$6584$$6608
bristle,41, 169$$1558$$171$$3471$$3769$$171$$174$$175$$180$$183$$185$$186$$188$$190$$195$$209$$215$$216$$217$$227$$390$$935$$955$$1340$$2894$$3020$$3069$$3072$$3073$$3471$$3479$$3582$$3592$$3637$$3654$$3723$$3769$$4303$$4865$$5433$$5647
dictatorship,40, 184$$5496$$5496$$184$$189$$572$$574$$577$$577$$581$$582$$1344$$1411$$2231$$3079$$3089$$3091$$3095$$3700$$3700$$3702$$3704$$3741$$3758$$3780$$3783$$3799$$3813$$3813$$3908$$3914$$3919$$4027$$4174$$4300$$4958$$5316$$5544$$6192$$6192
rage,39, 187$$214$$2061$$3266$$3728$$5614$$189$$572$$574$$1411$$2231$$3089$$3095$$3701$$3704$$3718$$3738$$3738$$3741$$3781$$3785$$3799$$3813$$3813$$3914$$3919$$4027$$4174$$4300$$4946$$4947$$4949$$4956$$5316$$5319$$5322$$5544$$5909$$5910
parson,39, 317$$326$$327$$333$$339$$343$$351$$354$$373$$386$$389$$962$$964$$968$$975$$1004$$1013$$1016$$1029$$1040$$1066$$1072$$1074$$1078$$1109$$1298$$1322$$2052$$2054$$3004$$3006$$3007$$4589$$4594$$4601$$4619$$4639$$4658$$4660
nip,39, 796$$2185$$2541$$4641$$799$$802$$818$$821$$824$$828$$832$$838$$840$$850$$881$$891$$905$$916$$940$$942$$945$$946$$947$$956$$957$$958$$961$$974$$1014$$1042$$1042$$1047$$1075$$1108$$2984$$2988$$2991$$3180$$3181
simultaneously,33, 30$$51$$595$$1192$$1273$$3818$$3903$$3925$$4060$$4194$$4205$$4678$$4837$$5390$$5926$$1149$$1149$$1178$$1184$$1197$$1206$$1218$$1335$$2610$$2618$$2619$$2621$$2652$$2653$$2660$$2664$$2665$$3055
gin,33, 66$$277$$432$$559$$560$$795$$796$$841$$841$$843$$1052$$1055$$1160$$1357$$1371$$1461$$1608$$1941$$1954$$2064$$3027$$3477$$6186$$6201$$6203$$6205$$6209$$6323$$6337$$6342$$6342$$6364$$6414
alter,28, 587$$606$$667$$1869$$1890$$1969$$2940$$2997$$3057$$3120$$3138$$3314$$3324$$3383$$3383$$3531$$3578$$3716$$3770$$3997$$4037$$4175$$4182$$4184$$4195$$4411$$5908$$6547
erasure,27, 1332$$1341$$1388$$3102$$4963$$4972$$5263$$5911$$1341$$1380$$1388$$3102$$4963$$4972$$5263$$5911$$1341$$1358$$1359$$1379$$1380$$1388$$3102$$4963$$4972$$5263$$5911
clothe,26, 489$$514$$516$$522$$1045$$1052$$1151$$1324$$2456$$2513$$2747$$2748$$2843$$2870$$2884$$3025$$3299$$3856$$3946$$3985$$4271$$4445$$5731$$5734$$5794$$6449
linger,26, 1888$$6551$$1888$$1889$$1896$$1904$$2726$$2730$$2737$$2789$$2953$$2959$$3021$$3035$$3036$$3474$$3633$$3668$$3697$$3761$$4269$$4388$$4398$$4400$$4405$$4886
spectacle,24, 155$$181$$252$$384$$489$$653$$708$$728$$748$$930$$1759$$1761$$1768$$2025$$2043$$3040$$3186$$3432$$3749$$4406$$4851$$4931$$5351$$5407
gleam,23, 611$$1786$$2457$$2729$$3464$$5407$$5464$$614$$733$$883$$886$$906$$4192$$6433$$6438$$6493$$6509$$6585$$6586$$6590$$6595$$6596$$6598
claptrap,22, 185$$185$$188$$228$$365$$383$$430$$668$$669$$780$$785$$935$$1390$$1391$$2174$$2187$$3012$$3020$$3700$$6192$$6241$$6410
farthing,22, 1875$$1876$$1892$$1907$$2179$$2954$$3671$$1875$$1877$$1879$$1885$$1892$$2179$$2954$$3451$$3452$$3456$$3534$$3544$$3553$$3566$$3671
doubtful,21, 107$$107$$3818$$3869$$4150$$4166$$4193$$4193$$4194$$4195$$4197$$4199$$4199$$4200$$4201$$4209$$4209$$4228$$4236$$4236$$6591
fling,18, 208$$233$$514$$1501$$2356$$2456$$2532$$2870$$2894$$3143$$3976$$4354$$4377$$4700$$4715$$4746$$4760$$4845
vaporize,17, 297$$366$$712$$713$$916$$945$$1041$$1074$$1075$$1076$$1077$$1078$$1079$$1080$$1081$$2104$$2964
corridor,16, 136$$147$$658$$711$$1080$$1981$$3158$$3185$$3744$$4883$$4886$$5955$$5957$$5963$$6003$$6419
capitalist,16, 611$$1272$$1302$$1305$$1306$$1309$$1310$$1313$$1330$$1362$$1362$$1644$$1657$$1665$$4071$$4071
ineffectual,16, 714$$3315$$714$$2150$$2151$$2170$$4517$$4519$$4526$$4527$$4528$$4530$$4562$$4570$$4579$$4581
telescreens,16, 1130$$1286$$1318$$1324$$1369$$1373$$2025$$2091$$2160$$2182$$2257$$2560$$3000$$3898$$4418$$6182
accord,16, 1436$$1753$$2305$$2554$$3253$$3782$$3890$$4083$$4387$$5582$$5650$$5905$$6021$$6476$$6498$$6563
grind,15, 49$$168$$507$$2192$$2249$$2304$$2320$$3019$$3700$$4511$$4821$$5736$$6048$$6281$$6434
filthy,15, 336$$842$$990$$1031$$1055$$1134$$1208$$1237$$1467$$2803$$2893$$2926$$5735$$5765$$5800
cling,15, 951$$1350$$1362$$1547$$2426$$3048$$3278$$3305$$4252$$4762$$4943$$5106$$5458$$6204$$6547
unscrew,15, 1848$$1853$$1854$$1857$$1875$$1892$$1903$$1907$$2952$$2953$$3669$$3671$$1853$$1903$$2952
paperweight,14, 1807$$1887$$2729$$2736$$2934$$2978$$2982$$2983$$3052$$3238$$3474$$3668$$4374$$4401
lunatic,13, 213$$1418$$1419$$1421$$1422$$1564$$1905$$2645$$5005$$5044$$5199$$5271$$5475
invariably,13, 292$$689$$690$$760$$968$$1164$$1285$$1297$$3201$$3264$$6483$$6541$$6558
banner,13, 330$$400$$453$$1025$$2352$$2372$$2556$$3006$$3700$$3706$$3720$$3724$$4023
scrap,13, 660$$1472$$1902$$2020$$2038$$2043$$3041$$3209$$3249$$3714$$3851$$6485$$6514
clasp,13, 1192$$1504$$2240$$2276$$2319$$2549$$2618$$3317$$4345$$4570$$4715$$4811$$6283
commoner,13, 6504$$6505$$6552$$6505$$6534$$6558$$6505$$6505$$6505$$6505$$6505$$6505$$6505
plaster,12, 20$$43$$324$$1229$$1509$$1510$$1512$$2106$$2551$$2928$$3014$$6313
haired,12, 166$$173$$202$$205$$219$$229$$233$$481$$481$$1061$$1184$$3398
ration,12, 430$$675$$676$$677$$1032$$1034$$1036$$1037$$1041$$1283$$3270$$5622
em,12, 565$$567$$1120$$1526$$1527$$1588$$1649$$1674$$1679$$1691$$1695$$1723
aeroplane,12, 617$$618$$2174$$2174$$3085$$3086$$3087$$3088$$3093$$3832$$3887$$3933
speakwrite,12, 653$$656$$706$$728$$747$$773$$2025$$2040$$3405$$3683$$3745$$3751
teleprogrammes,12, 718$$6542$$6542$$6545$$6545$$6545$$6549$$6551$$6545$$6545$$6548$$6551
folly,12, 1540$$1899$$2024$$2246$$2734$$2734$$2756$$2756$$3392$$5370$$2734$$2756
greater,12, 2591$$4211$$4211$$6470$$6520$$6521$$6522$$6522$$6522$$6522$$6523$$6523
orthodoxy,11, 159$$936$$2644$$3150$$4158$$4187$$6499$$6522$$914$$915$$960
denounce,11, 184$$403$$740$$778$$935$$946$$1041$$1073$$2353$$2653$$4637
wrench,11, 219$$522$$2923$$3266$$4456$$4762$$4914$$4975$$5528$$5733$$5785
lavatory,11, 268$$1321$$1924$$1925$$1980$$2019$$4417$$4645$$4650$$4658$$4700
thoughtcrime,11, 289$$290$$477$$4600$$4622$$477$$892$$897$$1217$$1968$$3184
conceal,11, 290$$1903$$2049$$2257$$2471$$2735$$3209$$3217$$4416$$4782$$5337
doublethink,11, 444$$473$$591$$594$$597$$597$$1042$$1273$$3145$$4999$$5584
promptly,11, 595$$773$$1501$$1976$$2145$$2624$$3435$$4972$$5368$$5828$$6352
tray,11, 819$$838$$842$$1052$$1784$$2112$$2134$$2140$$2145$$2150$$3450
quack,11, 847$$933$$933$$933$$939$$941$$942$$1071$$1079$$6569$$6571
varicose,10, 9$$119$$526$$1295$$1455$$2312$$2872$$3029$$5753$$5847
spite,10, 154$$190$$217$$266$$941$$1954$$3257$$3574$$3796$$3898
heresy,10, 177$$195$$1429$$1429$$5209$$5217$$5255$$5647$$6581$$6584
expressionless,10, 185$$306$$1402$$2156$$2204$$3012$$3398$$3500$$185$$3783
overthrow,10, 193$$1240$$1442$$4009$$4023$$4203$$4203$$5443$$5450$$5691
flit,10, 373$$880$$1827$$3499$$4387$$4565$$4668$$4680$$4710$$5013
doorway,10, 389$$1126$$1145$$1466$$1468$$1471$$1492$$1493$$1756$$4515
pint,10, 1581$$1582$$1585$$1586$$1591$$1592$$1613$$1623$$1603$$1605
chinless,10, 4666$$4680$$4684$$4690$$4694$$4698$$4698$$4706$$4745$$4775
sensation,9, 70$$2321$$3230$$3691$$3698$$3969$$4258$$4780$$5634
peculiar,9, 150$$1376$$1788$$3166$$3262$$3961$$4221$$4224$$5825
momentary,9, 152$$271$$1480$$2016$$2232$$4297$$4669$$5237$$6292
monstrous,9, 168$$445$$1320$$1363$$1471$$2747$$3012$$4282$$4318
din,9, 231$$941$$1212$$1551$$1574$$2183$$2204$$4484$$6403
jerk,9, 293$$523$$542$$793$$817$$932$$1083$$2894$$5415
batter,9, 328$$460$$1052$$1055$$1425$$1466$$2730$$5679$$5746
trumpet,9, 423$$1017$$1029$$1065$$1117$$3700$$6393$$6396$$6399
newsflash,9, 426$$429$$426$$648$$935$$427$$669$$2832$$3810
retain,9, 501$$714$$4197$$4229$$6466$$6468$$6487$$6516$$6596
atomic,9, 551$$2537$$3826$$3889$$3890$$3892$$3894$$3903$$551
utterly,9, 571$$1829$$1829$$2197$$2320$$3353$$3358$$5240$$5650
proletarian,9, 724$$2581$$3057$$4117$$4131$$4168$$5443$$5446$$5691
heretical,9, 757$$4155$$5985$$6012$$6438$$6444$$6516$$6531$$6531
complicate,9, 767$$769$$771$$772$$776$$783$$786$$790$$792
chestnut,9, 952$$953$$1347$$6179$$6322$$6345$$1377$$1377$$6336
scent,9, 1151$$1151$$1152$$1206$$2265$$2363$$2862$$2863$$2865
litre,9, 1589$$1589$$1593$$1606$$1614$$1616$$1631$$1632$$1736
evaporate,9, 3916$$3917$$3917$$3917$$3919$$4027$$3919$$4027$$3919
elaborate,9, 4150$$5873$$4150$$4154$$4154$$4156$$5941$$4150$$4161
lever,9, 4909$$4922$$5070$$5132$$5424$$5479$$5483$$6132$$6135
plural,9, 6481$$6482$$6481$$6482$$6482$$6483$$6483$$6483$$6483
ulcer,8, 9$$119$$526$$1295$$1455$$3029$$5753$$5847
alternately,8, 24$$3985$$24$$441$$6508$$6511$$6558$$6579
truncheon,8, 61$$221$$4365$$4369$$4490$$4803$$4809$$4838
putt,8, 128$$965$$2058$$2326$$3681$$5607$$6449$$6594
swine,8, 205$$206$$207$$2291$$2465$$2825$$3308$$3309
heretic,8, 215$$950$$5210$$5249$$5255$$5255$$5642$$5650
unmistakable,8, 255$$621$$1333$$2070$$2265$$3929$$4964$$6556
ave,8, 565$$569$$1593$$1652$$1707$$2750$$4258$$1587
pneumatic,8, 654$$656$$666$$678$$680$$727$$1385$$2041
stew,8, 795$$839$$842$$845$$940$$1052$$2052$$2154
halter,8, 818$$1223$$1745$$1928$$3185$$3613$$5280$$6275
orthodox,8, 828$$2615$$4149$$4191$$6499$$6571$$6583$$6598
saccharine,8, 839$$1319$$2111$$2732$$2814$$2932$$6187$$6203
rebellion,8, 1216$$3062$$4025$$4130$$4130$$5256$$5443$$1243
saucepan,8, 1259$$1262$$1262$$1264$$2730$$2931$$3260$$3266
banquet,8, 1311$$1311$$1312$$1330$$1312$$1330$$1312$$1330
alley,8, 1468$$1494$$1552$$1554$$1557$$1927$$2390$$2744
lit,8, 1817$$1981$$2560$$2731$$3386$$3763$$6367$$6380
chess,8, 2064$$2079$$6208$$6223$$6229$$6254$$6592$$2988
warfare,8, 3788$$3816$$3818$$3826$$3846$$3922$$4086$$4236
contradiction,8, 4148$$4163$$4222$$4228$$4229$$4854$$4149$$6500
vitality,8, 4311$$5667$$4318$$4318$$5216$$5217$$5256$$5491
oily,7, 67$$138$$843$$6203$$67$$3398$$3919
resemble,7, 111$$182$$1512$$3001$$5356$$5490$$6574
courage,7, 115$$1436$$1950$$2293$$5291$$5491$$6095
resettle,7, 155$$252$$2428$$3186$$3432$$4931$$5351
treachery,7, 177$$1951$$3807$$3902$$4963$$5326$$5610
chant,7, 238$$244$$246$$382$$3071$$238$$244
trample,7, 328$$353$$3724$$4350$$5610$$5610$$5634
stupidity,7, 344$$948$$1040$$4156$$4157$$5424$$5948
perceive,7, 503$$1955$$3974$$4129$$4155$$5997$$6547
toe,7, 599$$637$$646$$652$$1311$$4522$$5766
ideological,7, 682$$3074$$3788$$6430$$6539$$6600$$6606
swarm,7, 716$$1159$$1239$$1468$$1514$$2905$$6241
liberty,7, 761$$3877$$4009$$4026$$4135$$5467$$6519
compile,7, 803$$803$$855$$862$$894$$6348$$6436
stronger,7, 873$$874$$1324$$4822$$5467$$5841$$874
tail,7, 1001$$1311$$1663$$2414$$6360$$6402$$1001
inconceivable,7, 1242$$2246$$2534$$2758$$3180$$4813$$4813
barman,7, 1577$$1583$$1585$$1588$$1594$$1604$$1606
twig,7, 2265$$2450$$2529$$2564$$2725$$6277$$6296
startle,7, 2425$$2857$$3079$$4530$$4562$$4591$$4671
strap,7, 2747$$3649$$3650$$3765$$4875$$6055$$6176
ignorance,7, 3769$$3996$$3769$$3961$$3996$$3837$$4221
bliss,7, 3777$$3778$$3779$$4086$$4249$$3780$$3891
extent,7, 3795$$3828$$3841$$3912$$4043$$4056$$4481
quadrilateral,7, 3804$$3804$$3804$$6194$$3804$$3804$$3804
hierarchical,7, 3831$$3837$$3861$$3954$$4020$$4074$$4128
derivation,7, 6502$$6541$$6503$$6519$$6605$$6503$$6558
mansion,6, 1$$51$$323$$964$$988$$3007
cabbage,6, 2$$331$$336$$1321$$3249$$3333
terrace,6, 48$$48$$49$$232$$450$$1980
maintain,6, 55$$3817$$4030$$5457$$57$$57
upright,6, 72$$2195$$2237$$2303$$4457$$6055
sash,6, 140$$225$$2277$$2356$$2394$$2513
sandy,6, 166$$173$$202$$233$$481$$712
conspiracy,6, 178$$265$$1382$$3219$$3441$$3483
sole,6, 215$$489$$4860$$6431$$6530$$6592
annihilate,6, 297$$517$$584$$2456$$3787$$5234
instinctively,6, 318$$1082$$1996$$4508$$6264$$6546
dingy,6, 327$$522$$1321$$1557$$3305$$3697
tune,6, 332$$1374$$1907$$2751$$3000$$4856
announcement,6, 430$$1018$$1065$$1071$$6221$$6233
gramme,6, 430$$676$$1032$$1036$$1037$$1041
sane,6, 472$$3153$$4211$$5056$$5118$$5191
recur,6, 508$$1027$$1133$$2785$$2919$$4007
bough,6, 511$$2248$$2356$$2401$$2407$$2421
faintly,6, 511$$1350$$2303$$2407$$5015$$5966
gasp,6, 525$$4377$$4380$$4714$$4842$$5065
thrust,6, 580$$3575$$4010$$4362$$4685$$6164
impose,6, 585$$1290$$3151$$3931$$4125$$6491
induce,6, 596$$2559$$2637$$4153$$4778$$5963
falsification,6, 621$$686$$1333$$3124$$3936$$4177
unroll,6, 654$$661$$732$$1385$$1400$$3715
rectify,6, 663$$663$$667$$673$$694$$3740
assemble,6, 681$$1242$$3903$$6246$$6352$$6402
forgery,6, 690$$691$$730$$792$$3099$$3752
darkchinned,6, 706$$706$$709$$747$$749$$788
hum,6, 711$$1251$$1907$$4416$$4778$$5842
falsify,6, 721$$1416$$1743$$2059$$3120$$3124
wither,6, 737$$739$$754$$757$$759$$763
nineteen,6, 780$$2525$$2734$$3826$$3890$$2168
weight,6, 782$$4698$$5758$$5876$$6287$$6588
continuously,6, 847$$1414$$2025$$2067$$4089$$4176
define,6, 893$$6269$$6450$$6549$$6574$$6584
fewer,6, 896$$896$$4067$$6552$$6594$$6594
unorthodox,6, 904$$949$$2845$$6440$$6580$$6585
carelessly,6, 905$$908$$908$$6609$$908$$6609
ill,6, 953$$1062$$2560$$3810$$6269$$6378
factory,6, 1025$$1272$$1307$$1313$$3057$$4072
innumerable,6, 1052$$1783$$2403$$2515$$6348$$5148
intolerable,6, 1057$$1316$$1461$$2061$$3030$$5253
beetle,6, 1060$$1063$$1080$$2133$$2435$$5887
dragged,6, 1083$$2923$$3043$$4352$$4680$$4768
suppress,6, 1161$$2034$$4454$$6435$$6462$$6475
stiffen,6, 1190$$1436$$1480$$2618$$6286$$6330
stall,6, 1257$$1259$$1262$$1262$$1552$$2521
birth,6, 1641$$3093$$4137$$4295$$4318$$5620
incapable,6, 1740$$2615$$3151$$3164$$3552$$3952
lump,6, 1787$$1922$$3118$$3857$$5927$$6584
prevail,6, 2230$$3788$$3863$$3919$$4049$$4231
guise,6, 2232$$4098$$2234$$2234$$3783$$3891
cheekbones,6, 2235$$4524$$5503$$5746$$5993$$6207
bluebell,6, 2249$$2263$$2266$$2304$$2325$$2488
revolt,6, 2392$$2605$$4076$$4083$$4083$$5446
peg,6, 2747$$2748$$2840$$2843$$3985$$4278
western,6, 3785$$3785$$3785$$3813$$3785$$3891
assimilate,6, 3910$$3910$$4091$$4159$$4221$$6536
perpetuate,6, 4027$$4074$$4127$$4127$$5209$$4027
clang,6, 4354$$4514$$4518$$4696$$4878$$6024
persecution,6, 5206$$5497$$5497$$5207$$5212$$5217
bulletin,6, 6189$$6193$$6220$$6239$$6357$$6394
amalgam,6, 6498$$6499$$6500$$6558$$6500$$6500
shortest,6, 6509$$6512$$6558$$6512$$6513$$6519
frail,5, 17$$1759$$3690$$4985$$5467
conceivable,5, 34$$722$$3426$$4527$$6362
grimy,5, 39$$1052$$1516$$3401$$4682
distaste,5, 40$$40$$549$$1062$$2174
glitter,5, 48$$1320$$3822$$4415$$4515
decisive,5, 99$$475$$3796$$3865$$3894
interminable,5, 117$$1056$$1439$$3238$$4299
sheer,5, 122$$2316$$2659$$3392$$5202
spanner,5, 138$$349$$351$$354$$2807
programme,5, 175$$722$$2995$$4073$$5442
sprang,5, 177$$532$$769$$1123$$4325
oneself,5, 183$$2845$$3146$$5036$$5932
despise,5, 190$$946$$1162$$3329$$4710
unnecessary,5, 212$$786$$3843$$4085$$6485
horde,5, 217$$6246$$6408$$217$$6408
hallucination,5, 220$$2128$$4965$$5929$$5973
flog,5, 221$$1272$$1300$$1663$$5816
savage,5, 239$$358$$398$$3001$$3713
entrails,5, 243$$2192$$4326$$4575$$4587
scribble,5, 268$$466$$1401$$3207$$3589
hysteria,5, 298$$2637$$3789$$3868$$4212
kneel,5, 337$$2264$$2459$$2474$$3980
hanged,5, 383$$820$$827$$2233$$3700
clip,5, 395$$654$$678$$746$$6556
procession,5, 400$$2352$$2372$$2995$$3700
dreamed,5, 408$$3219$$3473$$3838$$5861
pitch,5, 408$$2645$$3744$$4086$$4507
physically,5, 466$$1168$$2703$$3244$$4014
undo,5, 473$$2379$$3765$$4856$$5732
solitude,5, 473$$1458$$3379$$5220$$3969
darken,5, 495$$2544$$2977$$3305$$4707
image,5, 532$$769$$1191$$1970$$2099
extraordinarily,5, 543$$1195$$2498$$5186$$6353
whimper,5, 552$$4702$$5220$$5265$$5817
unconsciousness,5, 596$$915$$939$$960$$4204
nickname,5, 659$$1188$$1500$$2580$$4446
consumption,5, 671$$1024$$3792$$3801$$3819
grossly,5, 672$$675$$1531$$1531$$1531
reduction,5, 675$$3199$$3789$$6444$$6567
alteration,5, 682$$689$$4166$$4167$$6600
persons,5, 687$$733$$1544$$4146$$6351
connexion,5, 693$$693$$2644$$3079$$6488
versificator,5, 725$$2753$$726$$2579$$2590
greatest,5, 729$$1096$$5521$$6403$$6515
execute,5, 741$$761$$1340$$1384$$4963
motion,5, 753$$1013$$3253$$4516$$5121
perish,5, 781$$1082$$3020$$5051$$6410
indifferently,5, 822$$2366$$2903$$2933$$5570
cellar,5, 829$$1107$$2793$$3589$$3744
hungry,5, 844$$3821$$4087$$4263$$4421
fascinate,5, 852$$1791$$2426$$2935$$3970
score,5, 860$$2462$$2469$$3792$$3810
youthful,5, 926$$1020$$2074$$2076$$2317
unquestionably,5, 945$$2653$$3700$$4071$$4974
forearm,5, 967$$1471$$1504$$1577$$2747
eh,5, 976$$1009$$1113$$1120$$4642
tremendous,5, 987$$1249$$2139$$3719$$6353
explosion,5, 1013$$2999$$5304$$5304$$6287
cook,5, 1045$$1260$$3253$$4297$$6449
cheap,5, 1055$$1151$$1206$$2579$$3809
nag,5, 1090$$1974$$3277$$4858$$6370
burned,5, 1112$$3020$$5210$$5214$$5370
temptation,5, 1134$$2340$$2759$$4432$$6567
torment,5, 1135$$1403$$2051$$4675$$5610
spasm,5, 1139$$1926$$4587$$5128$$6253
embrace,5, 1191$$1191$$2506$$3326$$4166
preliminary,5, 1205$$1906$$4130$$4833$$6612
blackness,5, 1230$$4870$$4902$$6083$$6149
eyelid,5, 1234$$4849$$5143$$6343$$6359
lord,5, 1311$$1657$$1685$$1685$$1311
chessboard,5, 1372$$6208$$6212$$6323$$6390
portrait,5, 1423$$3014$$6226$$6361$$6406
grant,5, 1450$$3067$$3264$$3498$$4135
capitalism,5, 1560$$1867$$3841$$4115$$4863
surrender,5, 1562$$5248$$5282$$5916$$5986
knot,5, 1578$$1609$$2513$$3139$$6325
lackey,5, 1665$$1666$$1669$$1675$$1676
magnify,5, 1789$$3013$$3691$$3854$$5887
gateleg,5, 1835$$2729$$2736$$2933$$2982
engrave,5, 1844$$1903$$2942$$2982$$3668
candle,5, 1859$$2956$$4360$$6367$$6380
thigh,5, 1922$$4456$$5755$$5870$$5875
blind,5, 1927$$5305$$5939$$6158$$6512
mate,5, 2079$$2431$$6225$$6227$$6232
sad,5, 2197$$2199$$2197$$3012$$3534
intermittently,5, 2200$$4006$$4217$$5142$$6373
lane,5, 2212$$2248$$2261$$2289$$3791
day-dream,5, 2611$$3905$$2614$$6500$$6598
muslin,5, 2746$$2838$$2747$$2843$$3026
sack,5, 2747$$2818$$2927$$4383$$4845
capture,5, 2832$$3811$$3811$$3813$$5250
sake,5, 3021$$5485$$6487$$6516$$6527
opposition,5, 3068$$3843$$4053$$4122$$5646
unimportant,5, 3096$$3570$$3862$$4136$$5546
objective,5, 3145$$4010$$4179$$4198$$5046
stroll,5, 3185$$3554$$4275$$5274$$5510
portion,5, 3264$$3784$$3785$$3807$$6497
avert,5, 3318$$4039$$4081$$4231$$4233
founder,5, 3411$$3876$$5612$$5613$$6446
task,5, 3560$$3750$$3910$$5883$$6609
northern,5, 3783$$3813$$3783$$3784$$3799
permanently,5, 3786$$3804$$4030$$4078$$4231
wage,5, 3794$$3815$$3815$$3869$$3958
inhabitant,5, 3799$$3811$$3910$$4109$$4110
dispute,5, 3806$$3808$$3812$$3906$$4213
expend,5, 3811$$3849$$5428$$3813$$6193
espionage,5, 3826$$3880$$4177$$4834$$5644
conquest,5, 3871$$3926$$3927$$3958$$4220
ruler,5, 3931$$3949$$4087$$4113$$4378
safeguard,5, 3937$$3937$$4064$$4170$$5496
hereditary,5, 4105$$4114$$4122$$4123$$4124
immortal,5, 4309$$5051$$5522$$5678$$5895
thumb,5, 4369$$5060$$5337$$5772$$5783
revive,5, 4468$$4583$$6342$$6370$$4470
interrogation,5, 4833$$4890$$4901$$5264$$5953
formation,5, 6435$$6483$$6486$$6487$$6504
suffix,5, 6464$$6464$$6467$$6465$$6465
emphasis,5, 6470$$6470$$6471$$6471$$6471
ante,5, 6472$$6474$$6582$$6476$$6476
participle,5, 6479$$6500$$6500$$6480$$6480
inflect,5, 6484$$6498$$6500$$6506$$6506
entirelyregulated,5, 6525$$6525$$6526$$6530$$6558
endow,5, 6601$$6601$$6601$$6601$$6601
smelt,4, 2$$336$$1321$$2563
contrive,4, 11$$2084$$3213$$6540
oblong,4, 14$$656$$4968$$6070
distinguishable,4, 15$$231$$3921$$3921
flap,4, 24$$441$$660$$1836
curve,4, 25$$1787$$1789$$2277
cardboard,4, 42$$1229$$6375$$6376
sag,4, 42$$1364$$4584$$5503
willow,4, 43$$512$$2414$$5966
background,4, 44$$186$$239$$4091
scatter,4, 50$$1468$$1740$$3972
successful,4, 73$$1177$$1262$$4012
flatter,4, 78$$323$$2890$$3395
town,4, 86$$2998$$3394$$6115
archaic,4, 94$$6435$$6458$$6487
itch,4, 119$$122$$526$$1296
refugee,4, 126$$3319$$126$$3813
mechanical,4, 138$$725$$3746$$4187
bold,4, 139$$232$$1185$$2458
freckle,4, 139$$2458$$2495$$3536
mindedness,4, 143$$783$$3577$$5370
unorthodoxy,4, 145$$161$$397$$2653
brutal,4, 153$$395$$1359$$5502
formidable,4, 154$$1250$$3403$$3798
secretly,4, 159$$3067$$3589$$6402
mysteriously,4, 174$$2819$$4661$$6246
escaped,4, 174$$1285$$1353$$1967
purity,4, 176$$783$$2478$$3313
deviation,4, 177$$2649$$4136$$5254
orator,4, 184$$3708$$3727$$6571
saboteur,4, 192$$401$$785$$935
frenzy,4, 200$$3015$$4152$$4218
chest,4, 204$$1706$$5122$$5758
quiver,4, 204$$1140$$3700$$4695
nightmare,4, 219$$1415$$2919$$4832
tie,4, 222$$832$$4113$$5855
climax,4, 223$$226$$2506$$3700
chastity,4, 225$$2644$$6525$$1211
hostile,4, 229$$708$$748$$1479
wisdom,4, 242$$4094$$4152$$4257
instinctive,4, 247$$1316$$3839$$5940
momentarily,4, 250$$1905$$5034$$6551
contempt,4, 259$$4224$$4482$$6292
snatch,4, 268$$3282$$3534$$3743
belch,4, 276$$431$$4462$$6205
tempt,4, 283$$1460$$2023$$4053
dodge,4, 291$$2275$$2607$$4839
register,4, 296$$3379$$5233$$5749
drum,4, 306$$776$$3001$$3700
crease,4, 320$$374$$990$$1072
repair,4, 322$$325$$2933$$3826
liable,4, 325$$338$$1137$$6487
pride,4, 347$$2322$$4639$$5815
younger,4, 359$$2381$$2607$$6373
uneasy,4, 361$$2387$$2660$$3248
demeanour,4, 361$$2512$$4399$$4443
catapult,4, 389$$404$$992$$994
anchor,4, 395$$2458$$395$$395
outward,4, 401$$3612$$4153$$6071
hero,4, 403$$935$$4820$$4820
casually,4, 410$$2025$$2113$$3079
greatly,4, 418$$1054$$1422$$3830
invisible,4, 435$$2247$$2740$$6113
pursue,4, 452$$782$$1829$$4395
fourteen,4, 467$$469$$1523$$3655
entail,4, 477$$786$$2762$$3843
hint,4, 481$$2130$$2470$$3893
feeble,4, 492$$1221$$3290$$3441
unavoidable,4, 499$$3568$$3579$$3858
muscular,4, 532$$929$$1061$$2192
raid,4, 550$$552$$829$$3248
clutch,4, 552$$4820$$6096$$6149
dreamy,4, 553$$714$$864$$5270
bundle,4, 554$$2041$$4420$$5800
alignment,4, 571$$688$$3807$$4172
painfully,4, 579$$1224$$3179$$5528
alterable,4, 587$$4032$$4182$$5907
logic,4, 595$$595$$1427$$5947
ultimate,4, 596$$1416$$4247$$5474
documentary,4, 621$$684$$3758$$4964
shrewish,4, 623$$624$$4435$$4654
lower,4, 626$$629$$723$$5727
squad,4, 631$$3006$$2571$$2588
cylinder,4, 654$$3745$$3753$$3754
nearest,4, 660$$1355$$1506$$6605
launch,4, 668$$669$$671$$733
periodical,4, 682$$719$$3015$$3248
pamphlet,4, 682$$2996$$3740$$4861
supersede,4, 687$$3896$$6433$$6595
imply,4, 690$$4602$$6512$$6571
windowless,4, 711$$2993$$4415$$6046
render,4, 733$$3919$$6509$$6604
existent,4, 733$$1544$$736$$738
stroke,4, 746$$3751$$3807$$3902
openly,4, 751$$2787$$3811$$4026
implicate,4, 762$$4866$$6418$$763
metallic,4, 795$$1052$$3710$$6179
swiftly,4, 839$$2133$$2456$$6405
vomit,4, 842$$4464$$4469$$5816
obsolete,4, 862$$3187$$3739$$3851
rigidly,4, 893$$4114$$6450$$6574
mystical,4, 901$$1464$$3870$$4299
eagerly,4, 925$$4603$$6270$$6353
atrocity,4, 935$$1884$$2996$$3710
puddle,4, 940$$1467$$1468$$1493
audible,4, 941$$942$$6569$$6570
haunt,4, 952$$2751$$3396$$4041
discredit,4, 954$$2059$$4045$$5648
beggar,4, 992$$997$$1113$$997
boredom,4, 1029$$2065$$2560$$6372
streak,4, 1047$$1230$$1510$$3408
underclothes,4, 1055$$5735$$5800$$5846
tea,4, 1055$$2826$$2829$$2831
ancestral,4, 1057$$1277$$1289$$1828
ideal,4, 1061$$1318$$1320$$4039
tinny,4, 1065$$1369$$2052$$6182
intensity,4, 1086$$2235$$4212$$5199
backbone,4, 1088$$4915$$4918$$5968
suggestion,4, 1100$$3405$$3619$$5344
offence,4, 1101$$1157$$4537$$1102
railway,4, 1125$$2212$$2258$$2516
compound,4, 1151$$6446$$6495$$6496
prostitute,4, 1155$$1157$$1288$$4453
prostitution,4, 1161$$3509$$4450$$5722
ideology,4, 1174$$1281$$4027$$4222
exception,4, 1186$$1213$$6228$$6478
nostril,4, 1206$$2860$$6145$$6204
virtue,4, 1215$$2479$$4094$$4943
hurriedly,4, 1232$$2800$$4484$$1569
occasional,4, 1243$$2450$$3792$$6277
despair,4, 1250$$1258$$3048$$6124
doom,4, 1257$$1352$$2698$$5521
oppress,4, 1272$$4083$$4084$$5273
breed,4, 1276$$3887$$4132$$1277
eliminate,4, 1281$$3829$$4118$$6440
shorter,4, 1283$$1324$$2989$$4411
cringe,4, 1309$$5220$$1309$$1687
pouch,4, 1363$$4667$$4907$$5503
trickle,4, 1369$$6182$$6334$$6425
shudder,4, 1380$$1380$$3229$$6201
flatten,4, 1386$$2044$$5308$$5993
airfield,4, 1391$$6249$$1391$$1661
experience,4, 1428$$2254$$2884$$5345
rash,4, 1456$$1752$$3065$$3392
palpable,4, 1464$$3048$$3941$$6587
absurdity,4, 1464$$5382$$6583$$1465
jest,4, 1476$$1477$$1651$$1726
excitedly,4, 1494$$6367$$1495$$1500
probable,4, 1539$$2039$$4479$$6193
volume,4, 1574$$2425$$3766$$6399
alf,4, 1586$$1614$$1674$$1705
priest,4, 1657$$4021$$4933$$5511
bloke,4, 1671$$1673$$1697$$1672
tolerant,4, 1720$$2933$$4057$$5646
friendly,4, 1758$$1829$$2126$$3165
velvet,4, 1761$$3040$$3387$$4405
softly,4, 1786$$2729$$3386$$3399
coral,4, 1792$$2979$$2983$$4375
upstairs,4, 1813$$1816$$1905$$3036
chimney,4, 1817$$3725$$4277$$4299
mantelpiece,4, 1820$$2728$$3253$$4391
invite,4, 1826$$2122$$2784$$4839
fender,4, 1829$$2730$$3259$$3776
chopper,4, 1859$$1861$$2956$$4360
chop,4, 1859$$1861$$2956$$4360
propaganda,4, 1884$$3078$$3710$$4061
undoubtedly,4, 1948$$4544$$5305$$4545
regain,4, 2009$$5310$$6206$$6206
soul,4, 2065$$3048$$5251$$6417
whereabouts,4, 2083$$3791$$4111$$6046
southward,4, 2174$$6192$$6246$$6360
vanquish,4, 2174$$3956$$2174$$4862
rush,4, 2185$$2993$$2996$$4499
guilt,4, 2269$$4196$$4602$$5912
thicker,4, 2298$$5755$$5870$$6286
undergo,4, 2404$$4150$$4410$$5643
thrush,4, 2421$$2434$$2501$$4312
wing,4, 2424$$2428$$2444$$5740
reverence,4, 2429$$4099$$4299$$5825
intently,4, 2435$$3402$$3586$$4823
denial,4, 2471$$3145$$3927$$5003
corrupt,4, 2480$$2482$$2591$$3509
bye,4, 2531$$2531$$4358$$4359
communication,4, 2534$$4061$$6431$$6590
meeting,4, 2543$$2760$$2995$$5830
infallible,4, 2579$$4093$$4159$$4160
excite,4, 2642$$2931$$6381$$6400
device,4, 2651$$3826$$4086$$4153
washtub,4, 2747$$2839$$3985$$4354
opeless,4, 2748$$4258$$2749$$4258
steal,4, 2750$$4258$$5722$$6480
eart,4, 2750$$2840$$4258$$4274
precede,4, 2795$$2795$$6222$$6396
sye,4, 2840$$2840$$4274$$4274
rouge,4, 2854$$2881$$4329$$4384
wainscot,4, 2898$$2948$$3399$$6373
limb,4, 2917$$3533$$3578$$5120
nostalgically,4, 2953$$2955$$2958$$3672
paradise,4, 3024$$4041$$4045$$5492
fatter,4, 3029$$5841$$5870$$6206
inviolate,4, 3033$$3813$$3962$$5986
indefinitely,4, 3054$$3811$$4200$$4229
unconquerable,4, 3061$$3945$$4081$$4318
dimly,4, 3095$$4783$$4847$$5851
sticky,4, 3293$$3745$$4777$$3302
grip,4, 3321$$3680$$3727$$5120
decanter,4, 3450$$3462$$3464$$3616
tire,4, 3762$$4907$$5502$$5505
comprise,4, 3783$$3784$$3785$$4193
highly,4, 3790$$4133$$6217$$6507
equatorial,4, 3810$$4104$$3810$$3810
conqueror,4, 3811$$3811$$4104$$4104
surplus,4, 3819$$3852$$3860$$3954
luxury,4, 3834$$3856$$4053$$5487
inflict,4, 3843$$4146$$4926$$5606
social,4, 3857$$3921$$4038$$4212
morale,4, 3862$$3862$$3916$$4086
undesirable,4, 3931$$6440$$6516$$6574
blissful,4, 3968$$5157$$5956$$6415
intelligible,4, 4032$$4032$$6446$$6507
oligarchy,4, 4065$$4124$$4202$$5489
property,4, 4067$$4067$$4072$$4072
cowardly,4, 4203$$5467$$6096$$6097
chap,4, 4603$$4608$$4609$$4614
demonstrate,4, 4685$$5588$$4686$$4688
plank,4, 4848$$4889$$5843$$5883
questioner,4, 4851$$4852$$4864$$4886
stern,4, 5039$$5081$$5186$$5281
collective,4, 5051$$5515$$5895$$5596
despotism,4, 5258$$5646$$5258$$5259
scalp,4, 5746$$5751$$5881$$6207
grammatical,4, 6434$$6447$$6575$$6587
secondary,4, 6440$$6589$$6592$$6592
adverb,4, 6457$$6464$$6468$$6500
honour,4, 6517$$6517$$6517$$6517
derive,4, 6539$$6602$$6542$$6542
consent,4, 6602$$6603$$6603$$6606
chin,3, 1$$4849$$4907
swirl,3, 1$$43$$1741
gritty,3, 1$$482$$1056
blunt,3, 18$$3583$$6112
pane,3, 19$$325$$6371
whirl,3, 20$$660$$4985
transmit,3, 30$$4060$$4121
safer,3, 38$$2256$$2449
straggle,3, 43$$123$$3708
heap,3, 43$$1708$$3249
sprung,3, 43$$2038$$5067
sordid,3, 43$$1514$$3261
pyramidal,3, 48$$458$$3922
penetrate,3, 60$$1425$$3394
hunk,3, 65$$839$$854
sickly,3, 67$$2265$$6203
gulp,3, 68$$843$$6200
rubber,3, 70$$221$$3808
cheerful,3, 71$$1811$$2373
crumple,3, 72$$679$$3044
penholder,3, 75$$93$$1555
alcove,3, 78$$79$$1942
creamy,3, 84$$94$$311
strictly,3, 87$$570$$3824
shoelace,3, 87$$814$$2521
guiltily,3, 89$$4680$$4710
furtively,3, 94$$815$$2581
dictate,3, 96$$773$$3807
bowel,3, 98$$1907$$6077
descend,3, 102$$1569$$5012
pin,3, 104$$2363$$6392
communicate,3, 109$$2081$$3566
meaningless,3, 111$$3315$$3953
strident,3, 113$$924$$1478
originally,3, 114$$879$$4223
restless,3, 117$$950$$2092
unbearably,3, 119$$3004$$3749
inflame,3, 120$$1359$$5753
flick,3, 124$$823$$2541
kid,3, 129$$129$$1004
dont,3, 129$$299$$299
cramp,3, 129$$280$$6372
unexpectedly,3, 135$$1261$$3759
hockey,3, 143$$329$$2576
sidelong,3, 147$$1086$$3534
uneasiness,3, 150$$1090$$1595
snuffbox,3, 156$$1785$$3041
solely,3, 158$$5486$$6543
intrigue,3, 158$$1344$$3054
verify,3, 163$$663$$4407
hideous,3, 168$$213$$1573
squeak,3, 173$$3417$$4702
earliest,3, 176$$610$$618
beard,3, 181$$2234$$4524
clever,3, 181$$2570$$2606
bleat,3, 186$$201$$227
conspirator,3, 193$$3410$$3589
dedicate,3, 193$$3926$$5469
protector,3, 217$$4895$$5107
stake,3, 222$$5210$$5255
saint,3, 222$$1465$$222
encircle,3, 225$$3902$$4289
individually,3, 231$$5439$$4068
refrain,3, 241$$285$$3321
hypnosis,3, 242$$596$$3885
delirium,3, 244$$3700$$5963
conceivably,3, 248$$682$$2703
inscrutable,3, 261$$633$$1063
fleet,3, 268$$2239$$5341
rouse,3, 275$$4525$$6556
straighter,3, 275$$5872$$6033
helplessly,3, 279$$339$$1322
twinge,3, 282$$1751$$5784
thump,3, 306$$3390$$4377
wispy,3, 314$$1072$$1322
whine,3, 315$$3277$$6373
neighbour,3, 317$$1279$$6373
thereabouts,3, 323$$715$$1154
mend,3, 325$$3253$$4297
spontaneous,3, 346$$1025$$3070
armament,3, 395$$3811$$3811
wretched,3, 396$$1260$$3269
mutability,3, 444$$3145$$4178
unimaginable,3, 447$$716$$6593
dominion,3, 449$$1064$$4206
envelop,3, 454$$3303$$6179
grim,3, 457$$542$$3431
formulate,3, 475$$3909$$4144
scrub,3, 482$$4297$$4297
identifiable,3, 486$$3182$$4988
tragic,3, 502$$1257$$1955
unalterable,3, 504$$2607$$4018
slant,3, 507$$4253$$6180
pasture,3, 510$$2406$$5964
elm,3, 511$$2407$$5966
breeze,3, 511$$2407$$3969
dense,3, 511$$2188$$2407
dace,3, 512$$2408$$5966
recapture,3, 546$$3813$$5345
assign,3, 546$$549$$549
bugger,3, 569$$569$$4460
tale,3, 585$$3069$$6412
instructress,3, 593$$598$$637
labyrinthine,3, 594$$1080$$2993
cancel,3, 595$$3405$$6515
consciously,3, 596$$3795$$5905
fabulous,3, 611$$1044$$3063
flicker,3, 636$$3549$$4495
remarkable,3, 637$$3574$$3889
tuck,3, 637$$4667$$644
lunge,3, 652$$2191$$4258
flop,3, 654$$1385$$2052
slit,3, 656$$658$$4369
abbreviate,3, 662$$6547$$6553
internal,3, 662$$3955$$4152
misprint,3, 663$$690$$3651
unpersons,3, 663$$733$$759
fullwise,3, 663$$733$$3405
intricate,3, 664$$730$$1541
offensive,3, 668$$669$$714
devour,3, 679$$3295$$6140
estimate,3, 696$$730$$3405
overfulfilled,3, 698$$6222$$701
definitive,3, 714$$855$$4545
ideologically,3, 714$$6532$$6561
policy,3, 721$$3854$$4173
drama,3, 724$$5649$$5953
ooze,3, 725$$4701$$5819
kaleidoscope,3, 725$$1985$$2587
prominent,3, 737$$2059$$1388
conspicuous,3, 737$$786$$1756
oftener,3, 741$$2999$$4495
gently,3, 746$$1598$$5108
tricky,3, 751$$2569$$6224
mechanic,3, 758$$4234$$5430
unconnected,3, 766$$4329$$6000
heroic,3, 769$$1349$$1955
contemplate,3, 782$$2073$$6094
recreation,3, 784$$1324$$1458
authentically,3, 792$$792$$792
ceilinged,3, 793$$1052$$4415
closely,3, 804$$2497$$6030
darn,3, 814$$1319$$4297
greasy,3, 819$$1052$$1363
reminiscently,3, 832$$1685$$836
dump,3, 839$$3976$$4456
pannikin,3, 839$$846$$854
china,3, 841$$1779$$3041
thread,3, 842$$964$$2450
gabble,3, 847$$6400$$6559
leaned,3, 854$$2670$$5504
notion,3, 876$$1828$$3062
subsidiary,3, 893$$4167$$4168
eyeless,3, 937$$1041$$1079
boyish,3, 965$$2859$$2894
revert,3, 968$$1277$$3009
sweating,3, 972$$2192$$3025
fund,3, 985$$1344$$4861
biggest,3, 988$$3264$$4740
outfit,3, 988$$6375$$6377
d'you,3, 999$$999$$1116
nipper,3, 1009$$1110$$4642
abstractedly,3, 1014$$2838$$3733
leadership,3, 1025$$1344$$4094
composite,3, 1052$$3668$$6548
synthetic,3, 1055$$2860$$3552
blond,3, 1061$$2122$$2127
temporarily,3, 1071$$4012$$6370
pang,3, 1089$$5424$$5478
mutter,3, 1100$$1597$$4141
wrapped,3, 1110$$2360$$2818
keyhole,3, 1117$$3773$$4640
contort,3, 1139$$3709$$4384
odour,3, 1151$$1151$$6145
inextricably,3, 1153$$6203$$6512
tacitly,3, 1161$$1428$$3918
submerged,3, 1162$$3856$$5927
beget,3, 1169$$1173$$6530
intercourse,3, 1170$$6527$$6530
minor,3, 1170$$2066$$6348
lamplight,3, 1206$$1228$$1786
unthinkable,3, 1209$$6438$$4338
awaken,3, 1218$$1828$$4310
outburst,3, 1263$$5982$$6121
hideously,3, 1272$$3022$$5198
inferior,3, 1273$$1686$$4285
petty,3, 1279$$1284$$4068
unpunished,3, 1291$$5982$$6012
suspicion,3, 1293$$3902$$3913
wicked,3, 1303$$1726$$4840
stock,3, 1311$$1778$$3040
neutral,3, 1319$$6532$$6561
fanatic,3, 1320$$3577$$3863
shuffle,3, 1321$$1468$$1735
ruinous,3, 1322$$1379$$2537
literate,3, 1326$$3822$$3836
incriminate,3, 1343$$2046$$3448
pardon,3, 1345$$4459$$4463
corpse,3, 1354$$2700$$6287
clove,3, 1357$$6187$$6203
speciality,3, 1357$$6187$$6577
seam,3, 1363$$5747$$5881
jeer,3, 1376$$2387$$6335
posterity,3, 1384$$5229$$5230
york,3, 1387$$4318$$4972
rendezvous,3, 1391$$2552$$1391
sheet,3, 1399$$2873$$3319
pad,3, 1401$$5298$$6056
accident,3, 1403$$1986$$6325
inevitable,3, 1427$$3843$$4035
controllable,3, 1434$$2591$$6552
eccentricity,3, 1459$$2845$$4142
creak,3, 1461$$3692$$3761
cobble,3, 1466$$1467$$1817
grab,3, 1493$$3266$$4760
faster,3, 1503$$5403$$5674
sever,3, 1511$$3333$$6595
stump,3, 1512$$2747$$5855
ole,3, 1526$$1581$$1616
gent,3, 1601$$1620$$1698
ealth,3, 1629$$1724$$1630
surprisingly,3, 1630$$2542$$5852
dono,3, 1650$$4461$$1652
daughter,3, 1662$$2053$$4639
recollect,3, 1671$$1696$$1885
catholic,3, 1672$$1672$$4109
rowdy,3, 1697$$2998$$1697
accidental,3, 1699$$4228$$1702
shove,3, 1706$$2189$$2677
stink,3, 1735$$2566$$5768
unanswerable,3, 1740$$3872$$5384
seventy,3, 1741$$5125$$5125
dwell,3, 1746$$3394$$6203
swear,3, 1752$$2389$$2389
literary,3, 1761$$2589$$6453
odd,3, 1785$$2787$$4311
fireplace,3, 1819$$1841$$2882
mattress,3, 1821$$3744$$5843
mahogany,3, 1824$$2870$$2982
rent,3, 1827$$1905$$2789
rear,3, 1845$$6246$$6402
inscription,3, 1869$$1888$$3769
pillar,3, 1882$$2747$$5082
scale,3, 1884$$3890$$4212
waxwork,3, 1884$$2995$$3700
shirk,3, 1898$$2065$$2373
exaltation,3, 1906$$5199$$5271
paralysed,3, 1912$$1956$$4811
cobblestone,3, 1930$$2073$$2344
success,3, 1945$$1970$$4094
astonishment,3, 1951$$2590$$2954
seemingly,3, 1955$$3771$$3998
grovel,3, 1964$$4490$$5265
sling,3, 1984$$2106$$3006
writhe,3, 2065$$4820$$4839
comparatively,3, 2083$$3790$$3808
pretext,3, 2083$$3009$$3396
reappear,3, 2105$$2452$$5143
band,3, 2106$$3139$$2122
beam,3, 2127$$2541$$4253
eighteen,3, 2158$$3743$$3994
monument,3, 2159$$2180$$2185
horseback,3, 2175$$2175$$2175
squat,3, 2196$$2827$$5875
precision,3, 2211$$4196$$6520
scrubby,3, 2235$$4524$$4556
palm,3, 2242$$2495$$3680
mood,3, 2260$$3016$$3863
sunshine,3, 2280$$3697$$5965
sapling,3, 2284$$2451$$2532
rip,3, 2356$$3724$$4646
chalk,3, 2390$$2546$$2658
drip,3, 2390$$4709$$4919
abreast,3, 2393$$2541$$6320
yield,3, 2441$$2810$$3808
intermittent,3, 2541$$3248$$5880
screw,3, 2560$$5143$$5829
pigeon,3, 2563$$2688$$2725
hostel,3, 2566$$2891$$2904
machinery,3, 2570$$3405$$3879
grandfather,3, 2575$$2962$$6155
filth,3, 2591$$5789$$6018
sixteen,3, 2595$$2627$$4107
hypocrite,3, 2631$$5272$$5490
tuft,3, 2662$$2663$$5777
cliff,3, 2662$$2670$$2689
tickle,3, 2676$$3692$$4431
inconvenient,3, 2689$$3950$$4198
skeleton,3, 2710$$5742$$5755
bolster,3, 2727$$2881$$6383
oilstove,3, 2730$$2886$$3763
courtesy,3, 2743$$3166$$3671
diaper,3, 2747$$2843$$4278
cork,3, 2748$$4278$$6186
flagstone,3, 2755$$3983$$4277
lunacy,3, 2791$$5166$$5475
tool,3, 2799$$2800$$3976
tumble,3, 2807$$4239$$4455
stain,3, 2881$$3029$$5245
unendurable,3, 2921$$6094$$6100
deception,3, 2922$$4197$$5914
fruit,3, 2966$$4285$$4297
manual,3, 3009$$4224$$6611
horn,3, 3038$$3044$$3952
cock,3, 3044$$6354$$3044
intention,3, 3060$$5494$$6561
insult,3, 3072$$4445$$5816
involuntary,3, 3223$$5035$$5738
luminous,3, 3237$$4873$$5344
rib,3, 3249$$4839$$5755
potato,3, 3249$$4450$$4845
plate,3, 3266$$3887$$4704
loyal,3, 3328$$3328$$4164
betrayal,3, 3365$$3367$$5644
comma,3, 3405$$3405$$6350
separately,3, 3491$$6447$$6528
venereal,3, 3509$$3578$$5722
scar,3, 3535$$5753$$6285
strategy,3, 3558$$3901$$4030
irony,3, 3576$$3619$$4801
sustain,3, 3596$$4129$$6583
fret,3, 3692$$6277$$6373
ally,3, 3702$$3900$$3913
gripped,3, 3709$$4905$$6056
uncontrollably,3, 3712$$4695$$5105
amateurishly,3, 3766$$3769$$3769
isle,3, 3784$$3908$$3784
strategic,3, 3791$$3903$$6403
width,3, 3799$$3799$$3813
heartland,3, 3813$$3814$$3906
inquisitor,3, 3885$$4895$$5214
experimental,3, 3886$$3886$$3886
devise,3, 3887$$6430$$6565
submarine,3, 3887$$3897$$6249
geographically,3, 3908$$3908$$3908
integrity,3, 3909$$5291$$3910
prop,3, 3924$$3996$$6383
inimical,3, 3934$$4155$$6584
tyranny,3, 4023$$4024$$4055
heir,3, 4043$$4043$$4109
imprisonment,3, 4047$$4146$$6046
totalitarian,3, 4049$$6544$$6544
technician,3, 4051$$4670$$6577
obedience,3, 4062$$5247$$5604
titular,3, 4111$$4112$$4112
pre,3, 4115$$6600$$6601
omnipotent,3, 4159$$4160$$5629
indefatigable,3, 4274$$4274$$4278
protrude,3, 4281$$4372$$5745
forefinger,3, 4369$$5772$$5783
agonize,3, 4382$$4975$$5875
shrank,3, 4501$$5200$$5585
emaciation,3, 4671$$5754$$5770
deceive,3, 4805$$5467$$6031
feebly,3, 4842$$5476$$5682
humiliate,3, 4853$$5642$$5873
thoughtfully,3, 4931$$5822$$6091
submission,3, 5044$$5247$$5522
degradation,3, 5222$$5473$$5818
shalt,3, 5258$$5259$$5260
fallacy,3, 5589$$5931$$5937
solipsism,3, 5593$$5595$$5596
ugliness,3, 5630$$5800$$6563
stool,3, 5799$$5843$$5874
intellectually,3, 6036$$6443$$6592
affix,3, 6470$$6470$$6472
preterite,3, 6479$$6480$$6480
euphony,3, 6487$$6504$$6554
abbreviation,3, 6496$$6539$$6544
subtilize,3, 6507$$6508$$6508
immorality,3, 6525$$6525$$6530
euphemism,3, 6533$$6534$$6558
contemptuous,3, 6536$$6537$$6558
upa,3, 6548$$6548$$6548
foolproof,3, 6563$$6571$$6571
vile,2, 1$$6267
handsome,2, 4$$359
plaque,2, 14$$31
roughen,2, 18$$4282
spiral,2, 20$$552
fitfully,2, 24$$441
plugged,2, 33$$3000
guesswork,2, 33$$269
plug,2, 35$$4659
scrutinize,2, 36$$4141
reveal,2, 38$$1230
towered,2, 39$$3424
garden,2, 42$$6449
rubble,2, 43$$3248
colony,2, 43$$3302
tableaux,2, 44$$1884
correspond,2, 49$$706
ramification,2, 49$$3144
apparatus,2, 52$$5295
miniplenty,2, 57$$663
roam,2, 61$$2998
colourless,2, 66$$314
stricken,2, 86$$4811
briefcase,2, 89$$3732
nib,2, 93$$94
tremor,2, 98$$6075
stupidly,2, 112$$2295
monologue,2, 117$$118
imperfectly,2, 122$$6596
childish,2, 123$$562
lifeboat,2, 127$$128
burrow,2, 128$$6140
kilo,2, 129$$2822
terrific,2, 129$$5308
didnt,2, 129$$129
aint,2, 129$$129
dragging,2, 134$$389
adherent,2, 145$$4019
disarm,2, 155$$3186
civilize,2, 155$$3583
fighter,2, 158$$4369
physique,2, 158$$4479
hiss,2, 172$$2229
mingle,2, 173$$2560
despicable,2, 181$$5220
senile,2, 181$$5675
perch,2, 181$$4512
exaggerate,2, 183$$6553
habitual,2, 184$$1140
proceed,2, 187$$3714
ridicule,2, 190$$5648
shadowy,2, 193$$3582
madden,2, 201$$3711
flush,2, 203$$1596
pretence,2, 212$$3412
loathe,2, 217$$604
invincible,2, 217$$3075
wreck,2, 217$$4455
supple,2, 225$$4289
flinch,2, 228$$2150
tremulous,2, 234$$234
throb,2, 239$$1455
inconceivably,2, 272$$310
equivocal,2, 273$$3411
focused,2, 278$$4531
theyll,2, 299$$299
futile,2, 303$$6373
heavily,2, 307$$1913
dreary,2, 315$$1319
flake,2, 324$$5753
sanction,2, 325$$2610
football,2, 329$$1279
reek,2, 331$$559
toilet,2, 332$$3004
greenish,2, 336$$2196
paralysing,2, 344$$2560
stability,2, 344$$4177
unwillingly,2, 345$$5492
subordinate,2, 346$$756
saving,2, 346$$2556
whiff,2, 347$$2363
testimony,2, 348$$762
strenuousness,2, 348$$2471
fiddle,2, 350$$1322
disgustedly,2, 355$$1266
clot,2, 355$$1964
menace,2, 359$$6196
pistol,2, 359$$372
neckerchief,2, 360$$966
ferocity,2, 371$$401
disappoint,2, 376$$3476
clamour,2, 385$$1262
son,2, 389$$4125
dummy,2, 400$$937
paragraph,2, 403$$670
stagnant,2, 423$$2563
measurable,2, 428$$6403
annihilation,2, 430$$463
tis,2, 433$$436
thee,2, 433$$436
lighter,2, 436$$4397
shift,2, 457$$2094
quail,2, 458$$5299
storm,2, 459$$3262
anonymous,2, 466$$721
chime,2, 469$$2179
obscure,2, 471$$1916
continuity,2, 471$$4124
uniformity,2, 473$$4062
rasp,2, 482$$4284
whitish,2, 486$$5889
statuesque,2, 488$$3260
magnificent,2, 488$$2456
watchful,2, 492$$5746
saloon,2, 495$$496
sorrowful,2, 502$$503
privacy,2, 503$$2741
springy,2, 507$$5965
turf,2, 507$$5965
gilded,2, 507$$1747
molehill,2, 510$$2406
hedge,2, 511$$2407
sway,2, 511$$2407
admiration,2, 516$$3581
grace,2, 517$$3574
nothingness,2, 517$$2432
nought,2, 521$$4394
bunk,2, 556$$557
grief,2, 561$$3250
ma,2, 566$$3899
vividly,2, 571$$6243
furtive,2, 575$$1162
satisfactorily,2, 575$$576
everlasting,2, 588$$588
morality,2, 595$$3920
democracy,2, 595$$595
buttock,2, 604$$4281
exploit,2, 611$$3814
resentment,2, 635$$1206
nearness,2, 653$$5198
mouthpiece,2, 653$$706
grate,2, 656$$4984
furnace,2, 660$$720
jargon,2, 662$$3405
bb,2, 663$$663
dayorder,2, 663$$733
doubleplusungood,2, 663$$733
upsub,2, 663$$733
antefiling,2, 663$$733
tedious,2, 665$$730
unseen,2, 680$$4985
labyrinth,2, 680$$1462
leaflet,2, 682$$2526
prediction,2, 684$$4171
collect,2, 687$$843
quota,2, 698$$6222
toil,2, 712$$4318
hairy,2, 714$$2150
multitude,2, 716$$1258
primary,2, 722$$3818
biological,2, 722$$1951
proletariat,2, 723$$4121
rubbishy,2, 725$$6537
pornography,2, 726$$2579
entrusted,2, 731$$751
rectification,2, 731$$2028
unsatisfactory,2, 733$$4850
merit,2, 737$$786
disgrace,2, 739$$754
publicly,2, 740$$3700
abject,2, 741$$5247
commonly,2, 742$$4027
corruption,2, 755$$2470
likeliest,2, 758$$2104
vaporizations,2, 758$$4146
ghostly,2, 762$$1894
commemorate,2, 770$$771
humble,2, 770$$5056
lesson,2, 773$$774
seventeen,2, 779$$2733
organizer,2, 779$$4051
grenade,2, 780$$3897
despatch,2, 782$$782
celibacy,2, 784$$1172
profound,2, 789$$4257
conviction,2, 789$$916
caesar,2, 792$$3949
grille,2, 795$$838
mournful,2, 804$$3278
hoard,2, 811$$3463
scrounge,2, 815$$3249
mock,2, 825$$864
ladle,2, 837$$3266
pinkish,2, 839$$845
unpack,2, 842$$2145
wink,2, 844$$6381
spoonful,2, 845$$2156
pedant,2, 863$$4556
passion,2, 863$$5502
animate,2, 864$$5186
justification,2, 868$$872
goodness,2, 876$$2478
eagerness,2, 880$$3472
sadly,2, 882$$4906
vagueness,2, 886$$3439
latest,2, 902$$1116
divine,2, 905$$3922
plainly,2, 918$$4148
feminine,2, 926$$2858
elimination,2, 932$$932
jaw,2, 937$$5784
larynx,2, 938$$6568
opponent,2, 944$$4163
subtly,2, 947$$6547
zeal,2, 950$$959
visualize,2, 967$$6203
pudgy,2, 967$$4596
hullo,2, 969$$969
tennis,2, 973$$2064
dampness,2, 973$$3230
keenness,2, 976$$997
brainy,2, 978$$4610
chase,2, 979$$1468
aback,2, 1003$$3418
dutifully,2, 1015$$4323
proclamation,2, 1018$$3248
gape,2, 1029$$2228
horizontal,2, 1033$$6343
remoter,2, 1035$$3887
furious,2, 1041$$4683
insanity,2, 1045$$4231
upwards,2, 1046$$4239
dribble,2, 1047$$3753
grime,2, 1052$$5765
protest,2, 1053$$1316
accurately,2, 1055$$4234
sicken,2, 1056$$6019
scarcity,2, 1056$$3854
suspicious,2, 1060$$2133
bosom,2, 1061$$2714
stout,2, 1063$$1577
scuttle,2, 1063$$1080
nimbly,2, 1080$$2185
reverie,2, 1083$$5956
terribly,2, 1098$$1697
improper,2, 1101$$6594
incredulous,2, 1101$$4602
punishable,2, 1101$$6528
skirt,2, 1110$$1205
sausage,2, 1110$$1111
keen,2, 1114$$4610
twitch,2, 1140$$5591
fornication,2, 1153$$6527
lapse,2, 1154$$6591
poorer,2, 1159$$2520
outlet,2, 1161$$3873
unforgivable,2, 1163$$4840
promiscuity,2, 1163$$1291
indirect,2, 1171$$6439
insemination,2, 1173$$1173
distort,2, 1175$$1759
intimately,2, 1186$$2651
encounter,2, 1186$$2082
rigidity,2, 1193$$6287
embarrass,2, 1195$$6314
hypnotic,2, 1206$$1424
ingrain,2, 1211$$5752
impregnable,2, 1214$$3384
lust,2, 1223$$2504
cavernous,2, 1230$$2861
therapy,2, 1236$$3885
disregard,2, 1239$$3941
inflexion,2, 1243$$6478
mob,2, 1257$$2660
jostled,2, 1262$$4443
keeper,2, 1262$$1552
favouritism,2, 1262$$4450
bloat,2, 1264$$6293
tion,2, 1270$$3695
patriotism,2, 1283$$3015
interfere,2, 1287$$3697
thieve,2, 1288$$4453
bandit,2, 1288$$4453
peddler,2, 1288$$4453
racketeer,2, 1288$$4450
puritanism,2, 1290$$2635
borrow,2, 1298$$3412
whip,2, 1300$$1493
stale,2, 1300$$3249
frock,2, 1304$$2867
queer,2, 1304$$1809
shiny,2, 1304$$2360
prison,2, 1308$$4438
persecute,2, 1320$$5217
decay,2, 1321$$5506
disprove,2, 1325$$5912
unknown,2, 1328$$1462
erase,2, 1332$$4200
embezzlement,2, 1344$$4861
sinecure,2, 1345$$6217
fascination,2, 1348$$4280
blurry,2, 1351$$5082
slum,2, 1362$$1465
barricade,2, 1362$$6548
bulge,2, 1364$$1808
crumble,2, 1365$$1405
motionless,2, 1370$$1371
confer,2, 1391$$3833
afflict,2, 1415$$2098
imposture,2, 1415$$3951
madness,2, 1420$$1570
communal,2, 1458$$1459
storey,2, 1466$$3946
waddle,2, 1468$$4682
unwise,2, 1482$$3490
commotion,2, 1490$$3719
supposedly,2, 1503$$6353
demolish,2, 1508$$5384
cloud,2, 1509$$2059
endlessly,2, 1516$$3000
absorption,2, 1518$$3780
altercation,2, 1520$$1577
reg'lar,2, 1527$$1670
feat,2, 1541$$5878
lucky,2, 1542$$3342
faintness,2, 1572$$4778
arst,2, 1579$$1723
boozer,2, 1581$$1584
quart,2, 1586$$1586
drawed,2, 1592$$1613
wallop,2, 1605$$1623
bladder,2, 1617$$1726
fourpence,2, 1623$$1629
ead,2, 1650$$1703
funeral,2, 1653$$3018
gang,2, 1665$$3248
donkey,2, 1671$$1671
yenas,2, 1679$$1679
crosspurposes,2, 1681$$1685
meditatively,2, 1718$$4369
philosophical,2, 1720$$6453
urinal,2, 1735$$2021
answerable,2, 1739$$4792
ant,2, 1742$$6241
discolour,2, 1747$$2872
suicidal,2, 1754$$2734
proprietor,2, 1758$$1899
bushy,2, 1760$$4411
keepsake,2, 1764$$1766
interior,2, 1782$$2979
slightest,2, 1782$$3359
restrict,2, 1783$$3840
stack,2, 1783$$3745
softness,2, 1788$$3969
rainwatery,2, 1806$$2935
uselessness,2, 1807$$1951
apologetically,2, 1822$$1854
bookcase,2, 1837$$2933
gravitate,2, 1837$$2189
rosewood,2, 1841$$3668
dance,2, 1860$$5143
improvise,2, 1907$$3010
lusty,2, 1934$$3985
teacup,2, 1941$$6343
battlefield,2, 1956$$6193
chamber,2, 1956$$2563
sleeplessness,2, 1956$$3379
splinter,2, 1960$$3607
succumb,2, 1968$$5937
embedded,2, 1969$$4887
foreknowledge,2, 1973$$4790
knell,2, 1980$$1980
solitary,2, 1981$$5952
wring,2, 1988$$4853
milky,2, 1992$$4328
flutter,2, 2003$$3725
intentionally,2, 2017$$2792
summons,2, 2033$$3220
intellect,2, 2040$$4135
stun,2, 2046$$4701
agitation,2, 2049$$2070
solemn,2, 2064$$3470
entitle,2, 2064$$2064
sufficient,2, 2091$$4196
vacant,2, 2122$$2136
malignant,2, 2141$$5759
convoy,2, 2187$$2236
impenetrable,2, 2190$$3887
wriggle,2, 2191$$2695
jolt,2, 2198$$3249
clank,2, 2198$$2198
rumble,2, 2204$$2211
gate,2, 2212$$2217
boo,2, 2229$$3147
grizzle,2, 2237$$6373
shapely,2, 2242$$3254
overflow,2, 2260$$3745
footpath,2, 2261$$2406
plunge,2, 2261$$6018
underfoot,2, 2263$$3724
tread,2, 2263$$3387
crackle,2, 2265$$2450
inferiority,2, 2277$$5273
mike,2, 2289$$2299
sprout,2, 2298$$6348
ironical,2, 2303$$5407
lash,2, 2308$$3015
incredulity,2, 2316$$2322
rape,2, 2343$$3789
slab,2, 2357$$3273
silver,2, 2360$$3540
hazel,2, 2402$$2501
filter,2, 2403$$2437
variation,2, 2427$$6458
speculation,2, 2436$$4153
clatter,2, 2444$$6391
sham,2, 2471$$3090
undermine,2, 2473$$4225
undifferentiated,2, 2487$$6197
surname,2, 2499$$2533
pity,2, 2500$$5798
mindless,2, 2501$$6158
tenderness,2, 2501$$2785
flank,2, 2502$$4290
alert,2, 2513$$4412
cunning,2, 2515$$2699
coast,2, 2522$$6243
belfry,2, 2537$$2760
drift,2, 2541$$2766
deafen,2, 2544$$4683
thickly,2, 2551$$3805
overhead,2, 2552$$3405
camouflage,2, 2557$$6006
enroll,2, 2559$$5721
blaze,2, 2562$$2676
dung,2, 2563$$2688
directive,2, 2571$$3741
bootlace,2, 2574$$6222
crudest,2, 2601$$5947
evade,2, 2607$$5424
discuss,2, 2608$$6447
privation,2, 2637$$3843
intimate,2, 2644$$5168
clump,2, 2667$$6274
vigour,2, 2716$$5508
generality,2, 2740$$3667
brawny,2, 2747$$3984
awye,2, 2750$$4258
paler,2, 2766$$3536
sensuality,2, 2777$$3048
predestine,2, 2794$$5918
wilful,2, 2796$$6563
disengage,2, 2800$$6283
underneath,2, 2808$$3305
blackberry,2, 2830$$3475
eals,2, 2840$$4274
acrorss,2, 2840$$4274
inexhaustible,2, 2843$$3010
spontaneously,2, 2844$$3688
transformation,2, 2851$$4410
crook,2, 2880$$5746
cool,2, 2884$$3982
beastly,2, 2898$$3308
nasty,2, 2910$$2912
reassure,2, 2917$$3970
bedhead,2, 2929$$3987
plump,2, 2933$$4650
eternity,2, 2983$$3777
erect,2, 2995$$3006
effigy,2, 2995$$3020
streamer,2, 3006$$3725
element,2, 3008$$6340
muzzle,2, 3013$$6112
theatre,2, 3017$$3017
trail,2, 3018$$6321
loot,2, 3020$$3789
rally,2, 3025$$3070
unbelievably,2, 3038$$3822
lid,2, 3041$$3499
tinkle,2, 3042$$6237
morsel,2, 3048$$3272
daydream,2, 3053$$3942
practicable,2, 3060$$3838
faintest,2, 3070$$3144
uninteresting,2, 3087$$4387
lifetime,2, 3138$$3604
scholarly,2, 3169$$3171
re-cover,2, 3170$$5656
friendliness,2, 3186$$3550
messenger,2, 3200$$3714
dome,2, 3238$$3238
superfluous,2, 3253$$6435
immobile,2, 3255$$5121
nurse,2, 3255$$4770
thinness,2, 3255$$4673
counterpane,2, 3258$$3982
mealtimes,2, 3261$$5878
snivel,2, 3262$$4857
justify,2, 3268$$5474
ounce,2, 3273$$3273
wail,2, 3290$$6373
richness,2, 3387$$3395
intimidate,2, 3395$$3400
frank,2, 3466$$6536
forge,2, 3509$$5722
disseminate,2, 3509$$5722
demoralization,2, 3509$$6403
dock,2, 3513$$6418
amputate,2, 3533$$3578
silkiness,2, 3542$$3544
manipulate,2, 3575$$4059
indestructible,2, 3595$$3642
smuggle,2, 3600$$4445
collectively,2, 3611$$4069
confusion,2, 3620$$4354
gravely,2, 3625$$4906
allusion,2, 3662$$4509
bedroom,2, 3668$$6372
willyoupay,2, 3671$$3672
gelatinous,2, 3686$$3687
fatigue,2, 3686$$4854
drain,2, 3690$$6200
squeal,2, 3700$$6121
orgasm,2, 3700$$5623
proceedings,2, 3700$$5121
schoolchildren,2, 3707$$3713
disproportionately,2, 3708$$4673
lank,2, 3708$$4570
harangue,2, 3708$$3709
deportation,2, 3710$$4047
hunch,2, 3727$$5758
preoccupy,2, 3731$$4443
crawl,2, 3745$$5650
considerable,2, 3748$$4097
subdivide,2, 3770$$3997
upheaval,2, 3771$$3998
irrevocable,2, 3771$$3998
reassert,2, 3771$$3998
gyroscope,2, 3771$$3998
irreconcilable,2, 3772$$4003
fluctuate,2, 3782$$3785
shortage,2, 3792$$3853
regroup,2, 3796$$4063
evenly,2, 3798$$3834
colder,2, 3808$$4272
tempo,2, 3816$$5675
latent,2, 3819$$4086
urgent,2, 3820$$4381
inherent,2, 3827$$4148
drudgery,2, 3828$$4006
caste,2, 3834$$3858
thinker,2, 3838$$4018
indirectly,2, 3839$$6445
industry,2, 3844$$4052
stratosphere,2, 3848$$5232
pyramid,2, 3860$$4092
emotional,2, 3861$$6509
ignorant,2, 3863$$4301
capacity,2, 3869$$4008
administrator,2, 3869$$4109
spurious,2, 3869$$6537
neutralize,2, 3869$$4122
diminution,2, 3877$$6473
cultivate,2, 3879$$4360
scientist,2, 3885$$4051
strive,2, 3887$$4039
focusing,2, 3887$$4099
tidal,2, 3887$$4214
realization,2, 3888$$3905
pact,2, 3902$$3904
devastate,2, 3903$$5304
superstate,2, 3907$$3911
violate,2, 3909$$4195
tenet,2, 3920$$4178
outrage,2, 3920$$5688
definition,2, 3929$$6353
follower,2, 3931$$3950
inefficient,2, 3934$$4055
perversion,2, 3945$$6527
exert,2, 3946$$3961
interstellar,2, 3948$$3949
tiredness,2, 3969$$5501
fixture,2, 3984$$6345
servitude,2, 4010$$5980
decline,2, 4014$$4133
soften,2, 4015$$4021
millimetre,2, 4015$$4380
cyclical,2, 4018$$4032
preach,2, 4021$$4224
assail,2, 4022$$5380
proclaim,2, 4024$$5255
antiquity,2, 4025$$4025
accumulation,2, 4031$$5443
underlie,2, 4033$$5430
earthly,2, 4041$$4045
outlook,2, 4047$$6521
extract,2, 4047$$5188
centralize,2, 4052$$4112
liberal,2, 4056$$4203
overt,2, 4056$$5194
uninterested,2, 4056$$4482
easier,2, 4059$$4866
belonging,2, 4068$$4445
expropriate,2, 4071$$4071
willingness,2, 4076$$4164
dislocation,2, 4085$$5005
articulate,2, 4085$$6568
infer,2, 4091$$5888
exhibit,2, 4098$$4226
domination,2, 4108$$4109
highest,2, 4109$$6234
stratify,2, 4114$$4114
exclude,2, 4116$$6439
harmless,2, 4116$$4666
gift,2, 4118$$4685
aristocracy,2, 4124$$4451
persistence,2, 4125$$4126
mystique,2, 4129$$4236
indifference,2, 4134$$4215
respite,2, 4151$$4893
abasement,2, 4152$$5614
simplest,2, 4154$$4155
infallibility,2, 4170$$4208
tamper,2, 4189$$4200
honesty,2, 4197$$5154
genuinely,2, 4198$$5251
delusion,2, 4211$$4962
reconcile,2, 4229$$5959
rightly,2, 4234$$6556
untruth,2, 4252$$6587
statistical,2, 4257$$5897
grandchildren,2, 4279$$4297
sturdy,2, 4280$$4759
childbearing,2, 4282$$4318
launder,2, 4297$$4297
smear,2, 4329$$4384
sharply,2, 4329$$4402
chatter,2, 4349$$5105
hoist,2, 4383$$4457
urinate,2, 4390$$4853
twentyone,2, 4391$$4393
stoop,2, 4403$$4759
cockney,2, 4404$$4413
porcelain,2, 4415$$4504
fiercely,2, 4445$$6155
rope,2, 4449$$6096
homosexuality,2, 4450$$6527
dearie,2, 4459$$4470
copiously,2, 4464$$4465
thass,2, 4466$$4475
amid,2, 4484$$4704
contract,2, 4486$$4575
shin,2, 4490$$4839
fidget,2, 4570$$4681
clumsily,2, 4581$$4682
blubber,2, 4601$$5110
defective,2, 4659$$4938
shrivel,2, 4662$$5384
rodent,2, 4666$$6113
humiliation,2, 4710$$5606
unmistakably,2, 4728$$5082
frantically,2, 4744$$6165
wordless,2, 4761$$6584
unvarying,2, 4778$$6230
syringe,2, 4824$$5349
formality,2, 4835$$5622
beating,2, 4836$$4850
spine,2, 4839$$5757
stupor,2, 4847$$6342
merciless,2, 4854$$5610
lain,2, 4887$$6281
groan,2, 5068$$6124
loosen,2, 5104$$5726
eradicate,2, 5209$$5621
unrepentant,2, 5212$$5212
totalitarians,2, 5215$$5259
communist,2, 5216$$5491
martyr,2, 5218$$5222
interrogate,2, 5240$$6049
kindly,2, 5301$$5801
emptiness,2, 5310$$5344
insane,2, 5356$$6148
cherish,2, 5449$$5880
weariness,2, 5463$$5508
eternal,2, 5469$$6230
merge,2, 5522$$5537
speck,2, 5551$$5889
convulsive,2, 5576$$6404
digression,2, 5598$$6353
wive,2, 5619$$5622
subtler,2, 5633$$5649
shrink,2, 5637$$5755
nonexistent,2, 5715$$6531
remnant,2, 5735$$5848
circle,2, 5752$$6152
trivial,2, 5830$$6069
adultery,2, 5830$$6527
slate,2, 5855$$5883
sunlit,2, 5862$$5963
capitulate,2, 5884$$5885
mutilate,2, 6017$$6502
baize,2, 6053$$6106
drench,2, 6109$$6371
shrill,2, 6142$$6393
whisker,2, 6156$$6159
unbidden,2, 6186$$6208
mid,2, 6193$$6194
thicken,2, 6207$$6330
graver,2, 6233$$6233
medley,2, 6252$$6252
crocus,2, 6267$$6277
compilation,2, 6348$$6349
imperturbable,2, 6361$$6366
dice,2, 6367$$6378
indispensable,2, 6411$$6611
tour,2, 6432$$6432
embody,2, 6435$$6436
politically,2, 6443$$6592
nameless,2, 6443$$6593
diminish,2, 6445$$6594
peculiarity,2, 6447$$6455
staccato,2, 6452$$6559
etymological,2, 6461$$6501
presentday,2, 6466$$6472
invariable,2, 6468$$6469
regularity,2, 6477$$6555
forcible,2, 6494$$6496
pronounceable,2, 6497$$6553
ambivalent,2, 6538$$6570
spray,2, 6562$$6562
illegitimately,2, 6585$$6586
writer,2, 6609$$6609
nuzzle,1, 1
hallway,1, 2
indoor,1, 3
tack,1, 3
depict,1, 4
ruggedly,1, 4
shaft,1, 10
fruity,1, 13
smallish,1, 17
meagreness,1, 17
emphasize,1, 17
sanguine,1, 18
eddy,1, 20
blackmoustachio'd,1, 21
bluebottle,1, 25
snoop,1, 26
babble,1, 29
overfulfilment,1, 29
vista,1, 42
baulk,1, 42
timber,1, 42
corrugate,1, 42
crazy,1, 42
dwelling,1, 43
brightlit,1, 44
etymology,1, 46
startlingly,1, 47
soar,1, 48
dwarf,1, 51
maze,1, 60
barbedwire,1, 60
entanglement,1, 60
gorilla,1, 61
advisable,1, 63
rice,1, 67
teacupful,1, 68
dose,1, 68
nitric,1, 70
incautiously,1, 72
quarto,1, 75
bookshelves,1, 78
peculiarly,1, 83
frowsy,1, 86
slummy,1, 86
twentyfive,1, 92
grease,1, 93
procure,1, 94
falter,1, 97
unborn,1, 106
magnitude,1, 108
predicament,1, 111
blankness,1, 122
blare,1, 122
booziness,1, 122
ginSuddenly,1, 122
wallow,1, 127
porpoise,1, 127
gunsights,1, 127
matchwood,1, 129
wonderful,1, 129
applause,1, 129
fuss,1, 129
oughter,1, 129
nebulous,1, 133
emblem,1, 140
shapeliness,1, 140
bigoted,1, 145
swallower,1, 145
nosers,1, 145
holder,1, 151
burly,1, 153
charm,1, 154
indefinable,1, 155
eighteenth,1, 156
nobleman,1, 156
contrast,1, 158
urbane,1, 158
irresistibly,1, 160
renegade,1, 174
backslider,1, 174
primal,1, 176
defiler,1, 176
subsequent,1, 177
paymaster,1, 178
hidingplace,1, 178
diaphragm,1, 179
constrict,1, 179
fuzzy,1, 181
aureole,1, 181
goatee,1, 181
inherently,1, 181
silliness,1, 181
venomous,1, 183
perverse,1, 183
plausible,1, 183
assembly,1, 184
hysterically,1, 184
polysyllabic,1, 184
parody,1, 184
specious,1, 185
uncontrollable,1, 187
exclamation,1, 187
refute,1, 190
pitiful,1, 190
dupe,1, 191
seduce,1, 191
unmask,1, 192
commander,1, 193
compendium,1, 195
clandestinely,1, 195
assault,1, 204
bounce,1, 209
inexorably,1, 209
lucid,1, 210
acta,1, 211
ecstasy,1, 213
vindictiveness,1, 213
sledgehammer,1, 213
grimace,1, 213
undirected,1, 214
blowlamp,1, 214
deride,1, 215
adoration,1, 217
fearless,1, 217
isolation,1, 217
sinister,1, 217
enchanter,1, 217
ravish,1, 223
sexless,1, 225
odious,1, 225
moustachio'd,1, 229
ware,1, 232
eyeball,1, 232
prayer,1, 237
rhythmical,1, 238
murmurous,1, 239
tomtoms,1, 239
hymn,1, 242
majesty,1, 242
dissemble,1, 247
fraction,1, 253
sequel,1, 263
myth,1, 266
stranger,1, 268
memorable,1, 274
muse,1, 279
voluptuously,1, 281
spoiled,1, 283
untidy,1, 299
scrawl,1, 299
theneck,1, 299
knob,1, 308
legible,1, 309
smudge,1, 311
discountenance,1, 318
irritation,1, 322
ceiling,1, 324
leak,1, 324
impedimenta,1, 329
glove,1, 329
sweaty,1, 329
sharper,1, 331
apprehensive,1, 333
brim,1, 336
fattish,1, 344
imbecile,1, 344
unquestioning,1, 344
drudge,1, 344
evict,1, 345
statutory,1, 345
overpower,1, 348
invertebrate,1, 351
blast,1, 353
pop,1, 359
vicious,1, 361
gambol,1, 370
tiger,1, 370
cub,1, 370
eater,1, 370
livingroom,1, 374
caper,1, 382
agonizingly,1, 387
jab,1, 388
bellow,1, 391
greyish,1, 392
relish,1, 395
ungovernable,1, 398
eavesdrop,1, 403
sneak,1, 403
sting,1, 404
heartedly,1, 405
partisanship,1, 419
raspingly,1, 424
authorize,1, 428
gory,1, 430
stupendous,1, 430
deflate,1, 432
celebrate,1, 433
reverberate,1, 439
sacred,1, 443
inscribe,1, 451
wrapping,1, 453
myriad,1, 457
loophole,1, 457
heritage,1, 472
greeting,1, 473
inkstained,1, 479
zealot,1, 481
darkbrown,1, 482
sandpaper,1, 482
deposit,1, 486
subterranean,1, 494
reproach,1, 499
continuation,1, 501
conception,1, 504
disdainfully,1, 514
carelessness,1, 517
coupon,1, 522
annually,1, 522
pyjamas,1, 522
singlet,1, 522
yap,1, 528
youngish,1, 532
scrawny,1, 532
tunic,1, 532
gym,1, 532
mechanically,1, 542
sharpness,1, 545
staircase,1, 552
rang,1, 552
weary,1, 552
decent,1, 558
forgiveness,1, 562
remedy,1, 562
granddaughter,1, 564
utterance,1, 573
thousandth,1, 579
gyrate,1, 579
unending,1, 590
genialiyWinston,1, 593
refill,1, 593
truthfulness,1, 595
repudiate,1, 595
subtlety,1, 596
enthusiastically,1, 600
meditation,1, 605
cylindrical,1, 611
proof,1, 621
dismay,1, 634
gracefully,1, 637
neatness,1, 637
encouragingly,1, 652
unbend,1, 652
orifice,1, 655
recess,1, 660
malreported,1, 663
africa,1, 663
yp,1, 663
malquoted,1, 663
wade,1, 665
dialled,1, 666
seventeenth,1, 668
categorical,1, 675
pledge,1, 675
speakwritten,1, 678
collate,1, 681
reprint,1, 681
stead,1, 681
documentation,1, 682
palimpsest,1, 685
reinscribed,1, 685
prophecy,1, 688
reissue,1, 689
misquotation,1, 690
substitution,1, 692
astronomical,1, 702
barefoot,1, 702
precise,1, 706
rustle,1, 711
speakwrites,1, 711
gesticulate,1, 711
husband,1, 713
juggle,1, 714
garble,1, 714
text,1, 714
anthology,1, 714
complexity,1, 715
typography,1, 717
elaborately,1, 717
specially,1, 718
repository,1, 720
ordinated,1, 721
reconstruct,1, 722
lyric,1, 722
treatise,1, 722
multifarious,1, 723
astrology,1, 725
sensational,1, 725
novelette,1, 725
sentimental,1, 725
lowest,1, 726
reportingbb,1, 733
offender,1, 740
incur,1, 742
displeasure,1, 742
crouch,1, 747
secretively,1, 747
fabrication,1, 751
edit,1, 753
incompetence,1, 755
reappearance,1, 762
reverse,1, 765
denunciation,1, 767
worthy,1, 770
pedantic,1, 773
abstainer,1, 784
nonsmoker,1, 784
vow,1, 784
incompatible,1, 784
houra,1, 784
thoughtcriminals,1, 785
unimagined,1, 790
deafeningly,1, 794
fume,1, 795
pleasanter,1, 801
philologist,1, 802
protuberant,1, 804
derisive,1, 804
haste,1, 807
unused,1, 811
untruthfully,1, 816
inadequate,1, 824
roved,1, 825
venomously,1, 828
disagreeable,1, 829
gloat,1, 829
entangle,1, 830
technicality,1, 830
authoritative,1, 830
scrutiny,1, 831
milkless,1, 839
handleless,1, 841
sloppiness,1, 845
spongy,1, 845
uproar,1, 847
hungrily,1, 863
wastage,1, 866
synonym,1, 867
antonym,1, 867
doubleplusgood,1, 874
there'll,1, 875
badness,1, 876
afterthought,1, 879
vapid,1, 880
sympathetically,1, 890
doubtfully,1, 903
remorselessly,1, 924
disc,1, 930
sterner,1, 935
fulminate,1, 935
discretion,1, 948
aloofness,1, 948
venerate,1, 950
rejoice,1, 950
sincerity,1, 950
dateness,1, 950
disreputability,1, 951
unsay,1, 952
unwritten,1, 953
omen,1, 953
tenant,1, 964
tubby,1, 964
froglike,1, 964
waistline,1, 965
brisk,1, 965
dimple,1, 967
cheery,1, 969
intense,1, 970
moisture,1, 971
nudge,1, 975
salary,1, 983
earmark,1, 983
subscription,1, 983
numerous,1, 983
treasurer,1, 986
illiterate,1, 990
triumphantly,1, 1004
parachute,1, 1004
confirmation,1, 1017
irrepressible,1, 1025
gratitude,1, 1025
bestow,1, 1025
foodstuff,1, 1027
favourite,1, 1028
solemnity,1, 1029
edify,1, 1029
lug,1, 1031
fanatically,1, 1041
passionately,1, 1041
whizz,1, 1046
dabble,1, 1047
gravy,1, 1047
meditate,1, 1048
resentfully,1, 1048
dent,1, 1052
sourish,1, 1052
rickety,1, 1055
underheated,1, 1055
rarity,1, 1055
insufficient,1, 1055
plentiful,1, 1055
discomfort,1, 1056
stickiness,1, 1056
maiden,1, 1061
carefree,1, 1061
predominate,1, 1061
proliferate,1, 1063
dumpy,1, 1063
flourish,1, 1064
bombardment,1, 1066
tic,1, 1100
abnormality,1, 1100
stow,1, 1108
chuckle,1, 1110
mustard,1, 1114
reckon,1, 1118
whiteness,1, 1128
hurl,1, 1135
inkpot,1, 1135
tension,1, 1137
visible,1, 1137
tallish,1, 1138
shutter,1, 1140
devil,1, 1141
backyard,1, 1145
stuffy,1, 1151
villainous,1, 1151
allure,1, 1151
consort,1, 1155
forcedlabour,1, 1157
incline,1, 1161
debauchery,1, 1162
joyless,1, 1162
undeclared,1, 1166
eroticism,1, 1167
enema,1, 1170
separation,1, 1183
aquiline,1, 1185
noble,1, 1185
vulgar,1, 1186
imbecility,1, 1187
wince,1, 1190
celibate,1, 1196
regulariy,1, 1199
inaudibly,1, 1205
scuffle,1, 1208
careful,1, 1212
martial,1, 1212
seduction,1, 1218
paraffin,1, 1221
scrabble,1, 1232
ringer,1, 1234
generate,1, 1239
legendary,1, 1242
twos,1, 1242
conspire,1, 1244
reverberation,1, 1251
riot,1, 1255
flimsy,1, 1260
tug,1, 1265
transcrip,1, 1270
liberate,1, 1271
bondage,1, 1271
subjection,1, 1273
gamble,1, 1279
horizon,1, 1279
indoctrinate,1, 1281
grievance,1, 1284
criminality,1, 1288
cautiously,1, 1295
impossibility,1, 1297
breadcrusts,1, 1300
stovepipe,1, 1304
bishop,1, 1311
lawn,1, 1311
ermine,1, 1311
robe,1, 1311
pillory,1, 1311
treadmill,1, 1311
mute,1, 1316
insecurity,1, 1317
bareness,1, 1317
dinginess,1, 1317
listlessness,1, 1317
resemblance,1, 1318
slog,1, 1319
cadge,1, 1319
warrior,1, 1320
unity,1, 1320
perpetually,1, 1320
underfeed,1, 1321
leaky,1, 1321
healthier,1, 1324
happier,1, 1324
infant,1, 1327
mortality,1, 1327
equation,1, 1328
reinstate,1, 1345
ab,1, 1346
ject,1, 1346
analysing,1, 1346
defection,1, 1346
amend,1, 1346
glamour,1, 1350
outlaw,1, 1352
untouchables,1, 1352
caricaturist,1, 1359
imitation,1, 1361
lifeless,1, 1361
unconvincing,1, 1361
rehash,1, 1362
tenement,1, 1362
mane,1, 1363
negroid,1, 1363
immensely,1, 1364
slope,1, 1364
bray,1, 1376
wad,1, 1385
delegate,1, 1387
midsummer,1, 1392
stratum,1, 1396
geological,1, 1396
draught,1, 1403
resurrect,1, 1410
inalterable,1, 1420
frontispiece,1, 1423
validity,1, 1428
unchangeable,1, 1433
addressed,1, 1439
array,1, 1442
truism,1, 1446
unsupported,1, 1448
axiom,1, 1449
involuntarily,1, 1452
attendance,1, 1456
individualism,1, 1459
balminess,1, 1460
warmer,1, 1461
camaraderie,1, 1461
suggestive,1, 1466
ratholes,1, 1466
bloom,1, 1468
crudely,1, 1468
lipsticked,1, 1468
splay,1, 1468
barefooted,1, 1468
er,1, 1473
wariness,1, 1480
concertina,1, 1494
guv'nor,1, 1497
over'ead,1, 1498
heave,1, 1505
patter,1, 1505
plume,1, 1509
whiten,1, 1512
urine,1, 1516
sawdust,1, 1516
ome,1, 1526
passionate,1, 1537
anodyne,1, 1540
stimulant,1, 1540
calculation,1, 1541
stagger,1, 1541
tribe,1, 1542
amulet,1, 1542
winner,1, 1544
intercommunication,1, 1545
downhill,1, 1549
thoroughfare,1, 1550
tiredlooking,1, 1552
junkshop,1, 1554
stationer,1, 1555
prawn,1, 1558
middleaged,1, 1559
truthful,1, 1563
unnoticed,1, 1571
plead,1, 1572
cheesy,1, 1573
eyeing,1, 1575
hook,1, 1577
pugnaciously,1, 1580
isself,1, 1585
gallon,1, 1586
treetop,1, 1594
whitestubbled,1, 1596
aggressively,1, 1604
swish,1, 1606
rinse,1, 1606
ticket,1, 1609
horribly,1, 1612
grumble,1, 1613
tentatively,1, 1619
cheaper,1, 1622
oppression,1, 1640
injustice,1, 1640
gorgeous,1, 1646
champagne,1, 1646
ats,1, 1647
inlaw,1, 1653
ired,1, 1655
patiently,1, 1656
eard,1, 1668
bourgeoisie,1, 1676
flunky,1, 1677
parasite,1, 1678
zig,1, 1699
zagging,1, 1699
mellow,1, 1720
people'd,1, 1723
ad,1, 1731
sill,1, 1733
workmate,1, 1741
bicycle,1, 1741
windy,1, 1741
intersperse,1, 1746
plausibly,1, 1757
unclean,1, 1758
benevolent,1, 1759
fussy,1, 1761
intellectuality,1, 1761
debase,1, 1762
gentleman,1, 1764
peer,1, 1768
apologetic,1, 1775
softpalmed,1, 1775
candlestick,1, 1781
floorspace,1, 1783
bolt,1, 1784
chisel,1, 1784
penknives,1, 1784
tarnish,1, 1784
miscellaneous,1, 1784
lacquer,1, 1785
agate,1, 1785
brooch,1, 1785
hemisphere,1, 1787
rainwater,1, 1788
convolute,1, 1789
anemone,1, 1789
embed,1, 1794
appreciatively,1, 1798
that'd,1, 1801
cost,1, 1801
covet,1, 1804
doubly,1, 1807
noticeably,1, 1811
slatternly,1, 1819
cumbersome,1, 1825
illuminate,1, 1826
nostalgia,1, 1828
hob,1, 1829
hinge,1, 1836
thoroughness,1, 1839
delicately,1, 1842
oval,1, 1844
ascribe,1, 1866
memorial,1, 1869
copper,1, 1876
triangular,1, 1882
porch,1, 1882
incongruous,1, 1887
widower,1, 1889
inhabit,1, 1889
steeple,1, 1894
peal,1, 1894
reconnoitre,1, 1896
careless,1, 1906
credible,1, 1916
backstreet,1, 1916
actuate,1, 1918
officiousness,1, 1918
retrace,1, 1928
partial,1, 1935
alibi,1, 1935
lassitude,1, 1937
twentythree,1, 1940
ful,1, 1941
brassy,1, 1944
squall,1, 1944
patriotic,1, 1944
firearms,1, 1950
unprocurable,1, 1950
inertia,1, 1951
darkhaired,1, 1952
extremity,1, 1952
crisis,1, 1953
consecutive,1, 1954
jagg,1, 1960
detection,1, 1967
summon,1, 1970
mystically,1, 1973
bitter,1, 1976
displace,1, 1977
leaden,1, 1980
brightly,1, 1981
stumble,1, 1987
redder,1, 1992
briskly,1, 2013
unfold,1, 2021
closet,1, 2023
hitch,1, 2025
loudness,1, 2027
wilder,1, 2034
vainly,1, 2034
unreasonable,1, 2040
readjust,1, 2043
batch,1, 2043
unformed,1, 2045
niggle,1, 2049
theimbecile,1, 2052
tang,1, 2052
papier,1, 2053
mache,1, 2053
irritate,1, 2054
racket,1, 2054
fatuous,1, 2054
morebearable,1, 2057
necessitate,1, 2058
wolf,1, 2064
tasteless,1, 2064
foolery,1, 2064
wit,1, 2071
tohim,1, 2081
loiter,1, 2084
transit,1, 2086
inapplicable,1, 2088
safest,1, 2090
buzz,1, 2091
sensitivity,1, 2098
transparency,1, 2098
agony,1, 2098
unattended,1, 2124
attentive,1, 2136
emptiest,1, 2136
sprawl,1, 2140
limply,1, 2150
haricot,1, 2154
flute,1, 2174
spirally,1, 2180
pediment,1, 2182
zoom,1, 2183
lion,1, 2185
scrimmage,1, 2189
butt,1, 2189
squirm,1, 2189
pulp,1, 2192
fixedly,1, 2194
incurious,1, 2197
path,1, 2212
moss,1, 2212
extricate,1, 2227
insatiably,1, 2228
stillhemmed,1, 2239
callous,1, 2242
mournfully,1, 2247
dapple,1, 2248
drone,1, 2252
dove,1, 2252
passport,1, 2258
endorsed,1, 2258
summery,1, 2260
toothless,1, 2260
freely,1, 2260
blackmarket,1, 2260
butter,1, 2260
widen,1, 2261
lightly,1, 2271
boggy,1, 2275
slender,1, 2277
sweetness,1, 2279
greenness,1, 2279
daunt,1, 2279
etiolate,1, 2280
sooty,1, 2280
pore,1, 2280
grassy,1, 2284
knoll,1, 2284
cascade,1, 2304
darling,1, 2319
unresisting,1, 2320
delightedly,1, 2346
tribute,1, 2346
excellence,1, 2346
honestly,1, 2348
crumbly,1, 2361
paste,1, 2371
delightful,1, 2377
reducible,1, 2378
coarseness,1, 2388
sneeze,1, 2392
hay,1, 2392
chequer,1, 2393
softer,1, 2394
closebitten,1, 2406
perceptibly,1, 2407
alight,1, 2421
obeisance,1, 2424
torrent,1, 2424
virtuosity,1, 2427
speckle,1, 2428
mouthsclung,1, 2442
hideout,1, 2448
zipper,1, 2453
rotten,1, 2471
cult,1, 2471
iniquity,1, 2471
leprosy,1, 2472
syphilis,1, 2472
gladly,1, 2472
hotter,1, 2490
discard,1, 2492
peacefully,1, 2495
exhaustive,1, 2515
enunciate,1, 2517
sewingthread,1, 2521
brushdown,1, 2528
lighthouse,1, 2541
proximity,1, 2541
instalment,1, 2541
adept,1, 2542
nightly,1, 2543
heaved,1, 2544
deathly,1, 2546
powdery,1, 2550
coincide,1, 2554
mortgage,1, 2559
munition,1, 2559
voluntarily,1, 2559
zealous,1, 2559
fuse,1, 2560
draughty,1, 2560
workshop,1, 2560
drearily,1, 2560
gap,1, 2561
fragmentary,1, 2561
overpoweringly,1, 2563
arrowslits,1, 2564
parenthetically,1, 2568
electrie,1, 2569
commodity,1, 2574
trophy,1, 2576
troopleader,1, 2577
muck,1, 2580
booklet,1, 2581
spank,1, 2581
ghastly,1, 2584
courseI,1, 2587
criticism,1, 2601
imaginable,1, 2610
distasteful,1, 2619
frigid,1, 2621
enlarge,1, 2632
sexuality,1, 2633
acuteness,1, 2634
credulity,1, 2645
parenthood,1, 2647
informer,1, 2651
stifle,1, 2654
swelter,1, 2655
ken,1, 2657
lag,1, 2658
quarry,1, 2658
boulder,1, 2659
hiker,1, 2660
loosestrife,1, 2662
magenta,1, 2663
fretfully,1, 2669
hottest,1, 2675
sleepiest,1, 2675
dissent,1, 2695
boldness,1, 2699
prosaically,1, 2702
coverless,1, 2727
burner,1, 2731
nineteentwenty,1, 2733
gratuitous,1, 2734
offensively,1, 2739
peep,1, 2746
contralto,1, 2748
intervention,1, 2753
tunefully,1, 2754
traffic,1, 2755
drastically,1, 2761
anticipation,1, 2761
accidentally,1, 2783
disappointment,1, 2785
trivialities,1, 2787
obligation,1, 2788
readiness,1, 2790
postpone,1, 2796
shorten,1, 2796
chuck,1, 2805
screwdriver,1, 2807
sand,1, 2810
wrap,1, 2818
emanation,1, 2819
slam,1, 2819
diffuse,1, 2819
pinch,1, 2826
drivel,1, 2841
tuneful,1, 2842
melancholy,1, 2842
proletarianquarters,1, 2853
redden,1, 2854
brighter,1, 2854
skilfully,1, 2855
cosmetic,1, 2856
improvement,1, 2857
dab,1, 2858
prettier,1, 2858
violet,1, 2860
trousers,1, 2867
silk,1, 2868
meagre,1, 2872
threadbare,1, 2873
springiness,1, 2873
creep,1, 2879
compulsion,1, 2884
hurtle,1, 2894
reopen,1, 2918
deepest,1, 2922
bung,1, 2928
inquisitive,1, 2931
silky,1, 2932
twelvehour,1, 2933
chunk,1, 2940
countersign,1, 2957
suitably,1, 2959
prompt,1, 2959
inconsequently,1, 2965
lipstick,1, 2975
inexhaustibly,1, 2979
transparent,1, 2980
arch,1, 2981
enclosing,1, 2981
insideit,1, 2982
crystal,1, 2983
thoughtless,1, 2985
vestibule,1, 2987
bake,1, 2992
scorch,1, 2993
stench,1, 2993
overtime,1, 2994
embellish,1, 2997
febrile,1, 2998
fuller,1, 3005
stitch,1, 3006
flagstaff,1, 3006
perilously,1, 3006
boast,1, 3007
bunt,1, 3007
lark,1, 3008
jolly,1, 3010
comradely,1, 3010
exhortation,1, 3010
acrid,1, 3010
stride,1, 3012
submachine,1, 3012
foreshorten,1, 3013
outnumber,1, 3014
apathetic,1, 3015
harmonize,1, 3016
indignation,1, 3018
playground,1, 3019
turmoil,1, 3020
wireless,1, 3020
extraction,1, 3020
suffocation,1, 3020
coolness,1, 3021
sprinkle,1, 3025
subside,1, 3029
curse,1, 3030
infrequently,1, 3031
ghostlike,1, 3038
tinier,1, 3038
gramophone,1, 3038
worthless,1, 3040
collector,1, 3040
tradesman,1, 3040
stopper,1, 3041
pinchbeck,1, 3041
locket,1, 3041
strand,1, 3041
musicalbox,1, 3042
blackbird,1, 3044
deprecate,1, 3045
impend,1, 3048
permanence,1, 3049
sanctuary,1, 3051
glassy,1, 3052
remainder,1, 3054
manoeuvrings,1, 3055
undetected,1, 3057
intimacy,1, 3064
impossibly,1, 3065
trustworthy,1, 3066
detachment,1, 3071
excel,1, 3072
dimmest,1, 3073
disobedience,1, 3077
isolate,1, 3077
susceptible,1, 3078
teaching,1, 3083
mythology,1, 3084
falsehood,1, 3084
schooldays,1, 3086
switchover,1, 3093
impatiently,1, 3098
impudent,1, 3099
horrify,1, 3100
abyss,1, 3101
momentous,1, 3102
exceptional,1, 3115
repainted,1, 3120
rename,1, 3120
resistance,1, 3139
brilliantly,1, 3143
witty,1, 3143
disconcert,1, 3148
thodoxy,1, 3150
flagrant,1, 3152
violation,1, 3152
enormity,1, 3152
residue,1, 3154
undigested,1, 3154
prelude,1, 3159
differentiate,1, 3166
elegantly,1, 3175
unperson,1, 3181
mortally,1, 3182
codeword,1, 3183
accomplice,1, 3184
ingenious,1, 3198
absentmindedly,1, 3206
episode,1, 3212
foretaste,1, 3228
chilly,1, 3229
sleepily,1, 3232
sodden,1, 3236
comprehend,1, 3239
cluster,1, 3244
rackety,1, 3248
peeling,1, 3249
breadcrust,1, 3249
cinder,1, 3249
spiritless,1, 3251
relapse,1, 3254
stillness,1, 3254
ail,1, 3255
simian,1, 3255
youthfulness,1, 3257
selfishness,1, 3257
closesmelling,1, 3258
earthenware,1, 3259
naggingly,1, 3262
prematurely,1, 3262
pathos,1, 3262
beseech,1, 3265
clamorous,1, 3268
pilfer,1, 3269
remonstrance,1, 3277
bargainings,1, 3277
monkey,1, 3278
dully,1, 3280
whitequilted,1, 3305
indistinctly,1, 3308
nobility,1, 3313
inert,1, 3329
regenerate,1, 3329
relevance,1, 3333
stalk,1, 3333
downhearted,1, 3349
outwit,1, 3376
cleverness,1, 3377
persistent,1, 3379
utmost,1, 3384
doorstep,1, 3392
spaciousness,1, 3395
incredibly,1, 3395
demur,1, 3397
creampapered,1, 3399
exquisitely,1, 3399
passageway,1, 3401
doubleplus,1, 3405
verge,1, 3405
crimethink,1, 3405
unproceed,1, 3405
antegetting,1, 3405
plusfull,1, 3405
soundless,1, 3406
grimmer,1, 3407
disturb,1, 3407
embarrassment,1, 3408
imaginings,1, 3411
midst,1, 3418
indecipherable,1, 3424
sternly,1, 3425
irritably,1, 3426
pretentious,1, 3441
disbelieve,1, 3444
adulterer,1, 3446
impassively,1, 3451
valet,1, 3459
ruby,1, 3464
health,1, 3470
romantic,1, 3474
olden,1, 3474
intensely,1, 3475
intoxieating,1, 3475
distinctly,1, 3476
catechism,1, 3500
blackmail,1, 3509
sulphuric,1, 3511
deprive,1, 3521
soundlessly,1, 3522
surgeon,1, 3531
boldly,1, 3536
assent,1, 3537
absent,1, 3541
salutation,1, 3553
silently,1, 3553
immedi,1, 3560
renew,1, 3563
bulkiness,1, 3574
ting,1, 3576
earnest,1, 3577
persiflage,1, 3578
unflinchingly,1, 3579
stratagem,1, 3584
underworld,1, 3589
codewords,1, 3589
comradeship,1, 3597
perceptible,1, 3604
wristwatch,1, 3613
cabinet,1, 3627
observant,1, 3628
italic,1, 3637
hesitantly,1, 3660
stanza,1, 3671
lade,1, 3683
behalf,1, 3685
translucency,1, 3689
lymph,1, 3690
debauch,1, 3690
descrip,1, 3695
irrationally,1, 3697
tingle,1, 3698
caterpillar,1, 3700
suddenness,1, 3704
luridly,1, 3706
floodlight,1, 3706
drape,1, 3708
bony,1, 3709
menacingly,1, 3709
amplifier,1, 3710
massacre,1, 3710
lootings,1, 3710
rapings,1, 3710
civilian,1, 3710
unjust,1, 3710
aggression,1, 3710
treaty,1, 3710
fury,1, 3712
ripple,1, 3717
riotous,1, 3724
interlude,1, 3724
shred,1, 3724
prodigy,1, 3725
clamber,1, 3725
rooftops,1, 3725
feral,1, 3728
midsentence,1, 3730
syntax,1, 3730
disorder,1, 3732
likewise,1, 3736
threehour,1, 3743
trolley,1, 3744
snowdrift,1, 3745
halfburying,1, 3745
neurotically,1, 3750
tepid,1, 3760
voluptuous,1, 3761
sluttish,1, 3765
equilibrium,1, 3771
combatant,1, 3788
bloodthirsty,1, 3788
chivalrous,1, 3788
reprisal,1, 3789
meritorious,1, 3789
casualty,1, 3790
centuury,1, 3795
dominant,1, 3795
definitively,1, 3797
fecundity,1, 3799
indus,1, 3799
triousness,1, 3799
establishment,1, 3801
gear,1, 3801
scramble,1, 3801
populate,1, 3805
region,1, 3805
northernice,1, 3805
synthesize,1, 3808
bottomless,1, 3809
cooly,1, 3810
continually,1, 3811
unihabited,1, 3813
unexplored,1, 3813
accordance,1, 3818
dilapidate,1, 3821
leisured,1, 3822
orderly,1, 3822
antiseptic,1, 3822
prodigious,1, 3823
impoverishment,1, 3824
regiment,1, 3824
ravage,1, 3826
overwork,1, 3829
illiteracy,1, 3829
humand,1, 3830
leisure,1, 3836
stupefy,1, 3836
mechanization,1, 3839
quasi,1, 3839
industrially,1, 3839
dominate,1, 3839
satisfactory,1, 3840
phase,1, 3841
stagnate,1, 3842
cultivation,1, 3842
shatter,1, 3848
cargo,1, 3850
underestimate,1, 3853
chronic,1, 3853
brink,1, 3854
austere,1, 3855
laborious,1, 3855
besiege,1, 3857
horseflesh,1, 3857
humblest,1, 3863
industrious,1, 3863
credulous,1, 3863
adulation,1, 3863
orgiastic,1, 3863
mentality,1, 3864
strongest,1, 3868
untruthful,1, 3869
waver,1, 3870
victoriously,1, 3870
undisputed,1, 3870
preponderance,1, 3872
unceasingly,1, 3873
inventive,1, 3873
speculative,1, 3873
extinguish,1, 3881
minuteness,1, 3885
indefatigably,1, 3886
logistic,1, 3887
explosive,1, 3887
armour,1, 3887
deadlier,1, 3887
soluble,1, 3887
vegetation,1, 3887
immunize,1, 3887
antibody,1, 3887
sail,1, 3887
lens,1, 3887
suspend,1, 3887
formal,1, 3893
stationary,1, 3895
propel,1, 3896
projectile,1, 3896
movable,1, 3896
battleship,1, 3896
unsinkable,1, 3896
torpedo,1, 3897
noeuvre,1, 3899
lull,1, 3902
retaliation,1, 3903
worldpower,1, 3904
invasion,1, 3906
exterminate,1, 3910
darkest,1, 3913
righteousness,1, 3916
execrate,1, 3920
barbarous,1, 3920
commonsense,1, 3920
semi,1, 3922
sheaf,1, 3924
unaware,1, 3925
everlastingly,1, 3926
fundamentally,1, 3928
precaution,1, 3931
ethic,1, 3933
biased,1, 3936
irresponsible,1, 3938
safely,1, 3945
ruminant,1, 3952
unreal,1, 3953
consumable,1, 3954
destructiveness,1, 3956
victor,1, 3956
plunder,1, 3956
intact,1, 3958
mislead,1, 3959
perpetual,1, 3962
sober,1, 3963
shallower,1, 3965
enormously,1, 3973
footstep,1, 3975
disentangle,1, 3978
gag,1, 3985
equilibnum,1, 3998
marvellous,1, 4002
abide,1, 4006
securely,1, 4008
efficiently,1, 4008
enlist,1, 4009
exaggeration,1, 4013
historic,1, 4016
recurrence,1, 4017
observer,1, 4017
interpret,1, 4018
aristocrat,1, 4021
parasitical,1, 4021
compensation,1, 4021
fraternity,1, 4022
variant,1, 4026
pendulum,1, 4029
wouldthen,1, 4030
authoritarian,1, 4044
realizable,1, 4045
hierarchy,1, 4046
regimentation,1, 4046
hostage,1, 4047
enlighten,1, 4047
progressive,1, 4047
national,1, 4048
workedout,1, 4048
foreshadow,1, 4049
chaos,1, 4049
aristocracywas,1, 4051
bureaucrat,1, 4051
publicity,1, 4051
sociologist,1, 4051
politician,1, 4051
salaried,1, 4052
barren,1, 4052
monopoly,1, 4052
avaricious,1, 4053
hungrier,1, 4053
intent,1, 4053
cardinal,1, 4054
surveillance,1, 4058
channel,1, 4061
enforce,1, 4062
forerunner,1, 4064
collectivism,1, 4065
jointly,1, 4066
concentration,1, 4067
unopposed,1, 4070
collectivization,1, 4070
inherit,1, 4073
phraseology,1, 4073
inefficiently,1, 4076
selfconfidence,1, 4076
singly,1, 4077
factor,1, 4079
conquerable,1, 4081
demographic,1, 4081
recurrent,1, 4085
crises,1, 4085
key,1, 4086
liberalism,1, 4087
scepticism,1, 4087
mould,1, 4089
executive,1, 4089
apex,1, 4092
hoarding,1, 4096
uncertainty,1, 4097
justly,1, 4102
liken,1, 4102
dumb,1, 4103
habitually,1, 4103
classification,1, 4104
membership,1, 4105
examination,1, 4107
discrimination,1, 4108
colonial,1, 4110
adherence,1, 4113
interchange,1, 4116
ensure,1, 4116
weakling,1, 4116
nuclei,1, 4118
ablest,1, 4121
recruit,1, 4121
crucial,1, 4122
shortlived,1, 4124
adoptive,1, 4124
essence,1, 4125
oligarchical,1, 4125
inheritance,1, 4125
nominate,1, 4126
successor,1, 4126
wield,1, 4128
characterize,1, 4129
rivalry,1, 4133
indifferent,1, 4140
jealously,1, 4141
misdemeanour,1, 4142
mannerism,1, 4142
regulate,1, 4144
formally,1, 4146
unsatisfying,1, 4153
dissipate,1, 4153
rebellious,1, 4153
faculty,1, 4154
threshold,1, 4154
analogy,1, 4155
repel,1, 4155
contortionist,1, 4158
unwearying,1, 4160
flexibility,1, 4160
treatment,1, 4160
keyword,1, 4161
mutually,1, 4162
impudently,1, 4163
precautionary,1, 4167
readjustment,1, 4170
regime,1, 4177
repression,1, 4177
re-create,1, 4183
rearrange,1, 4189
falsity,1, 4196
firmness,1, 4197
oblivion,1, 4198
indispensably,1, 4198
ossify,1, 4202
arrogant,1, 4203
concession,1, 4203
dislocate,1, 4207
rulership,1, 4208
subtlest,1, 4209
practitioner,1, 4209
furthest,1, 4210
illustration,1, 4212
rational,1, 4213
calamity,1, 4214
overlordship,1, 4216
prod,1, 4218
cynicism,1, 4221
fanaticism,1, 4221
abound,1, 4222
vilify,1, 4223
unexampled,1, 4224
solidarity,1, 4225
sentiment,1, 4225
impudence,1, 4226
reversal,1, 4226
hypocrisy,1, 4228
seizure,1, 4236
paraphernalia,1, 4236
coverlet,1, 4246
systematized,1, 4249
doze,1, 4258
driveling,1, 4259
outlive,1, 4261
luxuriously,1, 4262
uncork,1, 4278
mare,1, 4281
turnip,1, 4282
contourless,1, 4284
granite,1, 4284
womandown,1, 4294
fertilize,1, 4297
unbroken,1, 4297
cloudless,1, 4299
overturn,1, 4301
valiant,1, 4309
bazaar,1, 4318
japan,1, 4318
loin,1, 4319
iris,1, 4327
ofJulia,1, 4327
ironshod,1, 4365
jowl,1, 4369
nakedness,1, 4371
lick,1, 4372
hearth,1, 4374
crinkle,1, 4375
plexus,1, 4378
thrash,1, 4379
livid,1, 4380
ws,1, 4397
subdue,1, 4399
gnaw,1, 4421
unwholesome,1, 4421
crave,1, 4428
breadcrumbs,1, 4430
sizeable,1, 4431
crust,1, 4431
gauge,1, 4439
evilsmelling,1, 4440
filthily,1, 4441
impound,1, 4445
obscene,1, 4445
wheedle,1, 4446
spyhole,1, 4446
forbearance,1, 4447
bribery,1, 4450
illicit,1, 4450
distill,1, 4450
gangster,1, 4451
murderer,1, 4451
politicals,1, 4452
marketeers,1, 4453
coil,1, 4455
bastard,1, 4457
uneven,1, 4458
ow,1, 4461
pat,1, 4462
meself,1, 4463
sentimentally,1, 4477
polITS,1, 4482
actuality,1, 4489
gallop,1, 4489
arithmetic,1, 4493
coldness,1, 4500
trim,1, 4515
smartly,1, 4515
shamble,1, 4517
shoeless,1, 4522
ruffianism,1, 4524
oddly,1, 4524
lethargy,1, 4525
bearer,1, 4527
awkwardly,1, 4536
indiscretion,1, 4544
indignantly,1, 4548
racked,1, 4552
desultorily,1, 4568
bade,1, 4568
perturb,1, 4581
uncomprehending,1, 4581
slot,1, 4584
khaki,1, 4590
forgetfulness,1, 4591
misery,1, 4594
jerkily,1, 4595
servile,1, 4619
frog,1, 4621
calmer,1, 4621
sanctimonious,1, 4621
sententiously,1, 4622
insidious,1, 4622
obscenity,1, 4630
tribunal,1, 4635
doleful,1, 4639
grudge,1, 4643
jerky,1, 4645
posterior,1, 4650
abundantly,1, 4658
stank,1, 4659
abominably,1, 4659
consign,1, 4662
toothy,1, 4666
mottle,1, 4667
timorously,1, 4668
chill,1, 4669
commonplace,1, 4670
murderous,1, 4673
unappeasable,1, 4673
allthe,1, 4679
irresistible,1, 4680
abash,1, 4682
pouchy,1, 4695
stumpy,1, 4697
frightful,1, 4698
saliva,1, 4704
dental,1, 4704
shapeless,1, 4708
flurry,1, 4714
mefor,1, 4731
bash,1, 4749
shriek,1, 4753
haul,1, 4763
unreproved,1, 4774
thirst,1, 4776
bearable,1, 4779
thinkable,1, 4782
regretful,1, 4801
chested,1, 4803
crown,1, 4810
slump,1, 4811
contortion,1, 4815
uselessly,1, 4820
disable,1, 4820
hypodermic,1, 4824
underwater,1, 4826
shameless,1, 4839
groin,1, 4839
testicle,1, 4839
forsake,1, 4841
recuperate,1, 4845
recovery,1, 4846
surly,1, 4849
businesslike,1, 4849
unsympathetic,1, 4849
reflex,1, 4849
ruffian,1, 4851
rotund,1, 4851
relay,1, 4851
slap,1, 4853
convict,1, 4854
hesitation,1, 4856
sorrowfully,1, 4856
bully,1, 4860
anew,1, 4860
assassination,1, 4861
eminent,1, 4861
seditious,1, 4861
sale,1, 4861
admirer,1, 4863
pervert,1, 4863
hadbeen,1, 4868
disconnectedly,1, 4870
dazzle,1, 4875
relate,1, 4885
skip,1, 4887
tormentor,1, 4895
wakefulness,1, 4896
materialize,1, 4902
backof,1, 4905
mortal,1, 4913
electrically,1, 4914
especial,1, 4918
vertebrae,1, 4919
spinal,1, 4919
recede,1, 4923
prevaricate,1, 4927
derange,1, 4937
curable,1, 4940
fullest,1, 4963
trickery,1, 5004
speculatively,1, 5006
wayward,1, 5007
obedient,1, 5010
metaphysician,1, 5016
concretely,1, 5019
humility,1, 5043
selfevident,1, 5047
delude,1, 5048
relearn,1, 5054
selfdestruction,1, 5055
clench,1, 5068
vibrate,1, 5082
learner,1, 5108
harder,1, 5117
tighten,1, 5120
ebb,1, 5120
closelyinto,1, 5122
recrossing,1, 5148
gratefully,1, 5159
conversational,1, 5170
exclaim,1, 5185
uncured,1, 5192
cower,1, 5201
wantonness,1, 5202
vehemently,1, 5205
martyrdom,1, 5205
cruelly,1, 5217
wretch,1, 5220
extort,1, 5224
untrue,1, 5224
vindicate,1, 5229
bitterness,1, 5237
flaw,1, 5244
persecutor,1, 5246
convert,1, 5250
reshape,1, 5250
erroneous,1, 5253
powerless,1, 5253
exult,1, 5255
innocence,1, 5263
penitence,1, 5265
graceful,1, 5274
astray,1, 5283
hollow,1, 5292
moist,1, 5298
clamp,1, 5298
reassuringly,1, 5301
prostrate,1, 5306
painless,1, 5308
deformity,1, 5342
bewilderment,1, 5343
ampoule,1, 5349
plunger,1, 5349
unreservedly,1, 5367
rebelliousness,1, 5370
deceit,1, 5370
conversion,1, 5370
unanswered,1, 5372
embodiment,1, 5377
nonexistence,1, 5381
wearily,1, 5385
unsolved,1, 5401
drily,1, 5411
reintegration,1, 5417
looser,1, 5421
witted,1, 5424
indefinite,1, 5427
y,1, 5428
ou,1, 5428
collaborate,1, 5438
enlightenment,1, 5443
insurrection,1, 5449
bulk,1, 5468
sect,1, 5469
barbarity,1, 5473
weigh,1, 5474
coward,1, 5490
relinquish,1, 5494
fleshy,1, 5502
organism,1, 5508
reversible,1, 5518
levitation,1, 5537
uninhabited,1, 5554
mammoth,1, 5559
mastodon,1, 5559
blot,1, 5573
navigate,1, 5579
eclipse,1, 5579
dual,1, 5581
mathematician,1, 5583
unequal,1, 5583
bludgeon,1, 5586
metaphysic,1, 5592
schoolmaster,1, 5600
pupil,1, 5600
assert,1, 5600
hedonistic,1, 5609
utopia,1, 5609
reformer,1, 5609
refine,1, 5610
friendany,1, 5618
renewal,1, 5622
card,1, 5622
neurologist,1, 5624
intoxication,1, 5633
weaker,1, 5646
tighter,1, 5646
spat,1, 5648
contemptible,1, 5650
penitent,1, 5650
weakly,1, 5658
disintegrate,1, 5668
quicken,1, 5675
inarticulate,1, 5682
infinitely,1, 5690
malleable,1, 5690
irrelevant,1, 5695
inheritor,1, 5713
harshly,1, 5716
morally,1, 5716
vitriol,1, 5722
impatient,1, 5723
zip,1, 5733
fastener,1, 5733
yellowish,1, 5735
forlorn,1, 5746
jailbird,1, 5746
nobby,1, 5746
partially,1, 5750
wound,1, 5753
barrel,1, 5755
curvature,1, 5757
cavity,1, 5758
scraggy,1, 5758
bicep,1, 5772
kilogram,1, 5774
pluck,1, 5777
toss,1, 5786
stiff,1, 5795
collapse,1, 5799
gracelessness,1, 5800
plottings,1, 5830
soothe,1, 5847
denture,1, 5848
persevere,1, 5855
torpid,1, 5857
revery,1, 5858
coherent,1, 5860
stimulus,1, 5864
distraction,1, 5865
rounder,1, 5869
tauter,1, 5869
reluctantly,1, 5871
frivolity,1, 5886
shallowness,1, 5886
himselfup,1, 5886
wreckage,1, 5927
presuppose,1, 5932
happening,1, 5935
crimestop,1, 5942
proposition,1, 5943
heavier,1, 5943
improvisation,1, 5945
arithmetical,1, 5946
athleticism,1, 5947
confinement,1, 5952
enact,1, 5953
unspeak,1, 5955
foottrack,1, 5964
conformity,1, 5985
retreat,1, 5986
foolish,1, 5989
familiarize,1, 5992
furrow,1, 5993
inscrutability,1, 5995
cyst,1, 6000
reclaim,1, 6011
unrepented,1, 6012
perfection,1, 6013
degrade,1, 6017
filthiest,1, 6018
waxen,1, 6026
gentler,1, 6035
emotionally,1, 6037
burial,1, 6068
impalement,1, 6068
fatal,1, 6069
concave,1, 6071
lengthways,1, 6072
compartment,1, 6072
premonitory,1, 6075
attachment,1, 6076
schoolmasterish,1, 6090
cowardice,1, 6095
withstand,1, 6101
immense,1, 6109
carnivorous,1, 6113
partition,1, 6123
frantic,1, 6128
immovably,1, 6129
succession,1, 6142
furiously,1, 6143
foul,1, 6145
musty,1, 6145
convulsion,1, 6146
nausea,1, 6146
interpose,1, 6151
span,1, 6153
scaly,1, 6155
sewer,1, 6155
didactically,1, 6159
brush,1, 6161
gulf,1, 6176
quill,1, 6186
disquiet,1, 6190
flare,1, 6197
retch,1, 6201
purple,1, 6205
coarsely,1, 6207
re-serve,1, 6212
whenthe,1, 6212
undercharge,1, 6214
cloudy,1, 6227
mysticism,1, 6227
symbolize,1, 6230
spurt,1, 6240
outflank,1, 6242
comunications,1, 6246
breakdown,1, 6250
redivision,1, 6250
successive,1, 6252
undermost,1, 6252
unconsciously,1, 6256
cauterize,1, 6261
bud,1, 6267
dismember,1, 6267
obliquely,1, 6273
leafless,1, 6274
shrub,1, 6274
concealment,1, 6274
vilely,1, 6276
response,1, 6283
sallower,1, 6285
incredible,1, 6287
awkwardness,1, 6287
grownbroader,1, 6297
baldly,1, 6298
irresolutely,1, 6318
pointless,1, 6321
nostalgic,1, 6323
everflowing,1, 6323
halfhearted,1, 6326
semblance,1, 6336
resurrection,1, 6341
fiery,1, 6343
midday,1, 6344
glaze,1, 6344
admonish,1, 6346
bracket,1, 6350
disperse,1, 6352
memoranda,1, 6353
abstruse,1, 6353
haggle,1, 6353
crow,1, 6354
vertically,1, 6360
horizontally,1, 6360
reassurance,1, 6361
counterpaned,1, 6367
reconciliation,1, 6370
pelt,1, 6371
sporadically,1, 6375
sulkily,1, 6379
wildly,1, 6381
tiddly,1, 6381
slither,1, 6381
startingpoint,1, 6381
prick,1, 6398
seaborne,1, 6402
armada,1, 6402
triumphant,1, 6403
manoeuvre,1, 6403
ordination,1, 6403
rout,1, 6403
deaf,1, 6405
colossus,1, 6407
bestride,1, 6407
equivocation,1, 6409
booty,1, 6412
tile,1, 6419
needless,1, 6423
exile,1, 6424
ginscented,1, 6425
provisional,1, 6435
amedium,1, 6437
devotee,1, 6437
mode,1, 6437
diverge,1, 6438
dependent,1, 6438
louse,1, 6442
suppression,1, 6444
dispense,1, 6444
newly,1, 6446
simpler,1, 6447
ambiguity,1, 6451
purposive,1, 6454
outstand,1, 6455
completeinterchangeability,1, 6456
retention,1, 6461
kindred,1, 6462
etymologically,1, 6462
adjectival,1, 6467
termination,1, 6468
negatived,1, 6470
superlatively,1, 6471
modify,1, 6472
prepositional,1, 6472
beingsuppressed,1, 6483
irregularly,1, 6484
pronoun,1, 6484
demonstrative,1, 6484
auxiliary,1, 6484
irregularity,1, 6486
incorrectly,1, 6487
ipso,1, 6487
facto,1, 6487
implication,1, 6491
correctly,1, 6492
paraphrase,1, 6493
overtone,1, 6493
shorthand,1, 6494
ideologcal,1, 6496
weld,1, 6497
wickedness,1, 6512
decadence,1, 6512
comprehensive,1, 6514
compiler,1, 6515
objectivity,1, 6519
rationalism,1, 6519
commandment,1, 6523
attribute,1, 6523
constitute,1, 6524
exceedingly,1, 6524
generalize,1, 6524
departure,1, 6524
misdeed,1, 6526
enumerate,1, 6528
culpable,1, 6528
aberration,1, 6529
perception,1, 6531
connotation,1, 6538
commune,1, 6548
knit,1, 6549
outweigh,1, 6554
exactitude,1, 6554
monotonous,1, 6559
ethical,1, 6562
compliment,1, 6571
supplementary,1, 6573
smatter,1, 6577
irrespective,1, 6578
foregoing,1, 6580
nigh,1, 6580
crude,1, 6581
blasphemy,1, 6581
theoretically,1, 6590
vaished,1, 6591
queen,1, 6592
rook,1, 6592
rigid,1, 6594
censor,1, 6596
untranslatable,1, 6597
panegyric,1, 6606
prestige,1, 6608
utilitarian,1, 6611
adoption,1, 6612
